"","offset","location","condition","realism","response"
"1",100,1,4,"unreal",8
"2",300,0.5,4,"unreal",6
"3",100,0.5,4,"unreal",7
"4",200,1,4,"unreal",6
"5",0,0,4,"unreal",9
"6",300,0.5,17,"real",6
"7",0,0.5,4,"unreal",9
"8",400,0.5,4,"unreal",4
"9",200,0.5,4,"unreal",7
"10",400,0,17,"real",7
"11",200,0,17,"real",6
"12",300,0,4,"unreal",6
"13",100,0,4,"unreal",9
"14",0,0.5,17,"real",9
"15",200,0.5,17,"real",7
"16",100,0,17,"real",9
"17",100,0.5,17,"real",7
"18",400,1,17,"real",4
"19",0,1,17,"real",9
"20",300,1,17,"real",6
"21",400,0,4,"unreal",4
"22",300,0,17,"real",7
"23",400,0.5,17,"real",5
"24",300,1,4,"unreal",3
"25",0,0,17,"real",9
"26",400,1,4,"unreal",5
"27",200,1,17,"real",6
"28",100,1,17,"real",7
"29",200,0,4,"unreal",6
"30",0,1,4,"unreal",9
"31",200,0.5,4,"unreal",6
"32",300,0.5,17,"real",5
"33",300,0,17,"real",5
"34",200,1,4,"unreal",4
"35",400,0,17,"real",3
"36",200,0,17,"real",5
"37",400,0,4,"unreal",6
"38",0,1,17,"real",9
"39",200,1,17,"real",6
"40",100,0.5,4,"unreal",9
"41",200,0.5,17,"real",7
"42",400,0.5,17,"real",5
"43",0,0.5,4,"unreal",9
"44",0,0,17,"real",9
"45",300,1,4,"unreal",7
"46",300,1,17,"real",6
"47",400,1,17,"real",3
"48",100,1,4,"unreal",8
"49",100,0.5,17,"real",9
"50",200,0,4,"unreal",8
"51",100,0,4,"unreal",9
"52",400,0.5,4,"unreal",5
"53",0,0,4,"unreal",9
"54",400,1,4,"unreal",3
"55",100,1,17,"real",7
"56",0,0.5,17,"real",9
"57",100,0,17,"real",9
"58",300,0.5,4,"unreal",3
"59",0,1,4,"unreal",9
"60",300,0,4,"unreal",7
"61",0,1,4,"unreal",9
"62",200,1,4,"unreal",6
"63",300,0.5,4,"unreal",5
"64",200,0,4,"unreal",6
"65",400,0.5,17,"real",5
"66",200,1,17,"real",5
"67",200,0,17,"real",6
"68",0,0.5,4,"unreal",9
"69",300,0,4,"unreal",8
"70",100,0.5,17,"real",9
"71",100,0,4,"unreal",9
"72",400,1,4,"unreal",5
"73",0,0.5,17,"real",9
"74",300,1,4,"unreal",4
"75",0,0,4,"unreal",9
"76",300,0,17,"real",7
"77",400,0,17,"real",5
"78",0,1,17,"real",9
"79",400,0,4,"unreal",6
"80",400,0.5,4,"unreal",4
"81",100,1,4,"unreal",8
"82",200,0.5,17,"real",6
"83",300,0.5,17,"real",7
"84",100,1,17,"real",8
"85",100,0.5,4,"unreal",9
"86",300,1,17,"real",6
"87",200,0.5,4,"unreal",7
"88",0,0,17,"real",9
"89",400,1,17,"real",6
"90",100,0,17,"real",9
"91",400,0,17,"real",6
"92",0,0.5,17,"real",7
"93",200,0.5,17,"real",6
"94",300,1,17,"real",4
"95",400,0,4,"unreal",3
"96",400,1,4,"unreal",1
"97",300,0.5,17,"real",3
"98",100,0.5,4,"unreal",8
"99",100,1,4,"unreal",9
"100",200,0,17,"real",7
"101",0,0,4,"unreal",9
"102",200,0,4,"unreal",7
"103",400,0.5,4,"unreal",7
"104",200,1,17,"real",6
"105",0,0,17,"real",9
"106",100,0,17,"real",8
"107",400,0.5,17,"real",6
"108",300,0.5,4,"unreal",4
"109",0,1,4,"unreal",9
"110",400,1,17,"real",6
"111",300,0,17,"real",4
"112",200,0.5,4,"unreal",6
"113",0,1,17,"real",9
"114",200,1,4,"unreal",6
"115",100,0,4,"unreal",8
"116",100,1,17,"real",9
"117",0,0.5,4,"unreal",9
"118",100,0.5,17,"real",8
"119",300,1,4,"unreal",5
"120",300,0,4,"unreal",5
"121",300,0.5,17,"real",8
"122",300,0,17,"real",7
"123",300,0,4,"unreal",7
"124",200,0,4,"unreal",7
"125",300,1,17,"real",8
"126",400,0.5,4,"unreal",8
"127",200,1,17,"real",7
"128",400,0.5,17,"real",7
"129",200,1,4,"unreal",7
"130",100,1,4,"unreal",8
"131",0,0.5,4,"unreal",9
"132",200,0.5,4,"unreal",8
"133",100,0,17,"real",8
"134",200,0,17,"real",7
"135",0,0,4,"unreal",8
"136",0,0,17,"real",9
"137",0,1,4,"unreal",9
"138",400,0,4,"unreal",7
"139",300,1,4,"unreal",7
"140",400,1,4,"unreal",6
"141",100,0.5,4,"unreal",7
"142",200,0.5,17,"real",8
"143",100,0.5,17,"real",8
"144",100,0,4,"unreal",7
"145",100,1,17,"real",8
"146",300,0.5,4,"unreal",7
"147",0,1,17,"real",9
"148",400,0,17,"real",7
"149",400,1,17,"real",6
"150",0,0.5,17,"real",9
"151",400,1,4,"unreal",6
"152",400,0,4,"unreal",7
"153",300,0.5,17,"real",7
"154",200,0,4,"unreal",7
"155",100,1,17,"real",9
"156",100,0.5,17,"real",8
"157",300,0.5,4,"unreal",7
"158",0,1,4,"unreal",8
"159",400,0.5,17,"real",8
"160",400,1,17,"real",7
"161",300,1,4,"unreal",7
"162",100,0,4,"unreal",7
"163",300,0,4,"unreal",7
"164",100,0.5,4,"unreal",8
"165",200,0.5,4,"unreal",8
"166",200,1,4,"unreal",7
"167",300,1,17,"real",8
"168",200,1,17,"real",8
"169",0,0,4,"unreal",9
"170",0,0.5,4,"unreal",9
"171",300,0,17,"real",8
"172",200,0.5,17,"real",8
"173",0,1,17,"real",9
"174",100,0,17,"real",9
"175",200,0,17,"real",8
"176",0,0.5,17,"real",9
"177",400,0.5,4,"unreal",7
"178",100,1,4,"unreal",7
"179",0,0,17,"real",9
"180",400,0,17,"real",8
"181",0,0.5,17,"real",9
"182",0,1,4,"unreal",8
"183",400,1,17,"real",7
"184",400,0,17,"real",8
"185",100,1,4,"unreal",7
"186",100,0.5,17,"real",8
"187",400,1,4,"unreal",7
"188",0,0.5,4,"unreal",9
"189",200,1,17,"real",7
"190",200,0.5,17,"real",9
"191",100,0,4,"unreal",7
"192",300,1,17,"real",7
"193",100,0.5,4,"unreal",8
"194",300,0,4,"unreal",7
"195",100,0,17,"real",8
"196",300,0.5,4,"unreal",7
"197",0,0,17,"real",9
"198",400,0,4,"unreal",7
"199",100,1,17,"real",8
"200",0,1,17,"real",9
"201",300,1,4,"unreal",6
"202",200,0.5,4,"unreal",6
"203",200,1,4,"unreal",6
"204",400,0.5,4,"unreal",6
"205",200,0,4,"unreal",6
"206",400,0.5,17,"real",7
"207",300,0.5,17,"real",8
"208",200,0,17,"real",7
"209",0,0,4,"unreal",8
"210",300,0,17,"real",7
"211",200,0,4,"unreal",7
"212",200,1,4,"unreal",6
"213",200,0.5,4,"unreal",6
"214",100,1,17,"real",8
"215",0,1,17,"real",9
"216",300,1,4,"unreal",6
"217",300,1,17,"real",7
"218",400,0.5,17,"real",7
"219",0,0,4,"unreal",9
"220",100,1,4,"unreal",8
"221",100,0.5,4,"unreal",8
"222",400,0,17,"real",7
"223",0,1,4,"unreal",9
"224",100,0,4,"unreal",8
"225",0,0.5,17,"real",9
"226",200,0.5,17,"real",7
"227",400,0,4,"unreal",6
"228",100,0.5,17,"real",8
"229",400,1,17,"real",7
"230",0,0.5,4,"unreal",9
"231",0,0,17,"real",9
"232",300,0,17,"real",8
"233",300,0.5,17,"real",8
"234",300,0,4,"unreal",6
"235",300,0.5,4,"unreal",6
"236",400,1,4,"unreal",5
"237",400,0.5,4,"unreal",6
"238",200,1,17,"real",7
"239",100,0,17,"real",8
"240",200,0,17,"real",8
"241",400,0.5,17,"real",3
"242",300,0,4,"unreal",2
"243",100,0.5,4,"unreal",7
"244",100,0,17,"real",5
"245",300,1,4,"unreal",4
"246",300,0,17,"real",3
"247",200,0.5,17,"real",4
"248",400,0,17,"real",3
"249",300,0.5,17,"real",2
"250",0,0.5,17,"real",7
"251",200,0,4,"unreal",1
"252",0,0.5,4,"unreal",8
"253",400,0,4,"unreal",3
"254",400,0.5,4,"unreal",1
"255",200,0.5,4,"unreal",2
"256",100,0,4,"unreal",3
"257",200,0,17,"real",5
"258",200,1,17,"real",2
"259",0,1,4,"unreal",8
"260",0,1,17,"real",9
"261",100,1,4,"unreal",3
"262",100,1,17,"real",6
"263",100,0.5,17,"real",8
"264",200,1,4,"unreal",2
"265",400,1,17,"real",2
"266",0,0,17,"real",9
"267",300,1,17,"real",2
"268",400,1,4,"unreal",1
"269",300,0.5,4,"unreal",2
"270",0,0,4,"unreal",8
"271",400,0.5,4,"unreal",2
"272",200,0,4,"unreal",3
"273",100,0,4,"unreal",6
"274",100,1,4,"unreal",5
"275",0,0.5,4,"unreal",8
"276",300,0.5,17,"real",3
"277",200,1,17,"real",2
"278",100,0,17,"real",7
"279",300,1,4,"unreal",2
"280",200,0,17,"real",3
"281",300,0,4,"unreal",2
"282",200,1,4,"unreal",2
"283",300,0,17,"real",4
"284",0,1,4,"unreal",8
"285",0,0,17,"real",9
"286",200,0.5,17,"real",5
"287",300,1,17,"real",3
"288",0,1,17,"real",9
"289",400,1,4,"unreal",2
"290",200,0.5,4,"unreal",2
"291",0,0.5,17,"real",9
"292",400,0,4,"unreal",3
"293",100,0.5,17,"real",4
"294",100,1,17,"real",5
"295",400,1,17,"real",5
"296",400,0,17,"real",4
"297",0,0,4,"unreal",3
"298",300,0.5,4,"unreal",2
"299",100,0.5,4,"unreal",2
"300",400,0.5,17,"real",3
"301",0,1,4,"unreal",5
"302",0,0,4,"unreal",4
"303",300,0.5,4,"unreal",3
"304",200,1,4,"unreal",2
"305",300,0,4,"unreal",2
"306",100,1,4,"unreal",2
"307",100,0,17,"real",5
"308",100,0,4,"unreal",3
"309",200,0.5,17,"real",4
"310",100,1,17,"real",5
"311",300,0,17,"real",5
"312",200,1,17,"real",4
"313",400,0,17,"real",4
"314",200,0,4,"unreal",2
"315",0,0.5,4,"unreal",8
"316",0,0,17,"real",8
"317",200,0,17,"real",5
"318",100,0.5,4,"unreal",3
"319",400,0.5,17,"real",4
"320",0,1,17,"real",8
"321",400,0.5,4,"unreal",1
"322",400,1,4,"unreal",1
"323",300,1,4,"unreal",2
"324",300,1,17,"real",4
"325",300,0.5,17,"real",4
"326",0,0.5,17,"real",9
"327",400,0,4,"unreal",2
"328",200,0.5,4,"unreal",1
"329",400,1,17,"real",3
"330",100,0.5,17,"real",5
"331",100,0,17,"real",9
"332",100,1,17,"real",4
"333",200,1,4,"unreal",2
"334",200,0,4,"unreal",2
"335",100,0.5,17,"real",8
"336",400,1,17,"real",3
"337",0,1,17,"real",9
"338",300,0.5,4,"unreal",5
"339",400,0,4,"unreal",3
"340",200,0,17,"real",4
"341",100,1,4,"unreal",3
"342",400,0.5,17,"real",4
"343",300,1,17,"real",4
"344",400,0,17,"real",4
"345",0,1,4,"unreal",8
"346",400,0.5,4,"unreal",3
"347",200,1,17,"real",3
"348",0,0,4,"unreal",7
"349",0,0.5,17,"real",9
"350",300,0,4,"unreal",4
"351",400,1,4,"unreal",2
"352",100,0,4,"unreal",4
"353",300,0,17,"real",4
"354",200,0.5,17,"real",3
"355",300,1,4,"unreal",2
"356",200,0.5,4,"unreal",2
"357",300,0.5,17,"real",4
"358",0,0.5,4,"unreal",8
"359",100,0.5,4,"unreal",8
"360",0,0,17,"real",9
"361",300,0,4,"unreal",2
"362",100,0.5,4,"unreal",2
"363",100,0,4,"unreal",2
"364",200,1,17,"real",7
"365",400,0,17,"real",7
"366",200,0.5,17,"real",8
"367",400,0.5,17,"real",8
"368",300,1,4,"unreal",2
"369",0,0.5,17,"real",8
"370",0,0,4,"unreal",2
"371",400,0.5,4,"unreal",2
"372",0,0.5,4,"unreal",2
"373",100,0.5,17,"real",8
"374",0,0,17,"real",9
"375",200,1,4,"unreal",2
"376",400,0,4,"unreal",2
"377",200,0,4,"unreal",2
"378",300,0.5,4,"unreal",1
"379",300,0.5,17,"real",7
"380",200,0.5,4,"unreal",2
"381",300,0,17,"real",8
"382",100,0,17,"real",8
"383",100,1,4,"unreal",2
"384",100,1,17,"real",8
"385",400,1,17,"real",7
"386",0,1,4,"unreal",2
"387",200,0,17,"real",8
"388",400,1,4,"unreal",2
"389",300,1,17,"real",7
"390",0,1,17,"real",8
"391",0,1,4,"unreal",2
"392",200,0.5,17,"real",7
"393",300,0,4,"unreal",2
"394",100,0.5,17,"real",8
"395",0,0,4,"unreal",2
"396",400,0,17,"real",7
"397",400,0.5,4,"unreal",2
"398",100,1,17,"real",8
"399",0,1,17,"real",9
"400",100,0.5,4,"unreal",2
"401",400,1,4,"unreal",2
"402",400,1,17,"real",7
"403",200,1,17,"real",7
"404",300,0.5,17,"real",7
"405",200,1,4,"unreal",2
"406",200,0,4,"unreal",2
"407",200,0.5,4,"unreal",2
"408",300,0.5,4,"unreal",2
"409",100,1,4,"unreal",2
"410",100,0,4,"unreal",2
"411",300,0,17,"real",7
"412",400,0,4,"unreal",2
"413",400,0.5,17,"real",7
"414",0,0,17,"real",8
"415",200,0,17,"real",8
"416",0,0.5,17,"real",9
"417",300,1,4,"unreal",2
"418",0,0.5,4,"unreal",2
"419",300,1,17,"real",7
"420",100,0,17,"real",8
"421",200,1,17,"real",8
"422",0,0,4,"unreal",2
"423",300,1,17,"real",7
"424",0,1,17,"real",8
"425",200,0.5,17,"real",7
"426",400,1,17,"real",7
"427",300,0.5,4,"unreal",2
"428",300,0,17,"real",7
"429",200,0,17,"real",8
"430",100,0.5,4,"unreal",2
"431",400,0.5,4,"unreal",2
"432",400,0,17,"real",7
"433",100,1,17,"real",8
"434",100,1,4,"unreal",2
"435",300,0.5,17,"real",8
"436",100,0,4,"unreal",2
"437",200,0,4,"unreal",2
"438",0,0.5,17,"real",9
"439",200,0.5,4,"unreal",2
"440",400,0.5,17,"real",7
"441",100,0.5,17,"real",8
"442",0,0.5,4,"unreal",1
"443",400,0,4,"unreal",1
"444",0,0,17,"real",9
"445",400,1,4,"unreal",2
"446",300,1,4,"unreal",1
"447",0,1,4,"unreal",2
"448",100,0,17,"real",8
"449",300,0,4,"unreal",2
"450",200,1,4,"unreal",2
"451",200,0,4,"unreal",2
"452",100,0.5,4,"unreal",8
"453",200,1,4,"unreal",8
"454",200,0.5,17,"real",8
"455",300,1,17,"real",8
"456",300,0.5,17,"real",7
"457",400,0.5,4,"unreal",2
"458",300,0,17,"real",8
"459",0,1,17,"real",9
"460",200,0.5,4,"unreal",2
"461",100,0,4,"unreal",2
"462",100,1,4,"unreal",2
"463",0,1,4,"unreal",2
"464",400,1,4,"unreal",1
"465",300,0,4,"unreal",2
"466",0,0.5,4,"unreal",2
"467",200,0,17,"real",7
"468",400,0,17,"real",7
"469",100,0.5,17,"real",8
"470",100,1,17,"real",9
"471",0,0.5,17,"real",9
"472",200,1,17,"real",8
"473",300,1,4,"unreal",1
"474",400,0,4,"unreal",2
"475",300,0.5,4,"unreal",1
"476",0,0,4,"unreal",2
"477",400,1,17,"real",7
"478",0,0,17,"real",8
"479",400,0.5,17,"real",2
"480",100,0,17,"real",8
"481",400,0.5,17,"real",1
"482",200,0,4,"unreal",1
"483",100,1,4,"unreal",2
"484",400,0,4,"unreal",1
"485",300,0,17,"real",2
"486",200,1,4,"unreal",1
"487",400,0,17,"real",1
"488",300,0.5,4,"unreal",1
"489",200,0.5,4,"unreal",2
"490",100,0.5,17,"real",9
"491",300,1,4,"unreal",1
"492",0,1,4,"unreal",8
"493",100,0,4,"unreal",3
"494",0,0.5,4,"unreal",6
"495",0,0,4,"unreal",7
"496",100,1,17,"real",2
"497",200,0.5,17,"real",3
"498",400,1,17,"real",1
"499",200,1,17,"real",2
"500",300,0.5,17,"real",2
"501",300,1,17,"real",1
"502",200,0,17,"real",1
"503",300,0,4,"unreal",2
"504",0,1,17,"real",7
"505",100,0.5,4,"unreal",2
"506",400,0.5,4,"unreal",1
"507",100,0,17,"real",2
"508",400,1,4,"unreal",1
"509",0,0,17,"real",2
"510",0,0.5,17,"real",8
"511",0,0,17,"real",9
"512",300,1,4,"unreal",1
"513",200,0.5,4,"unreal",2
"514",400,0.5,4,"unreal",3
"515",0,0.5,4,"unreal",6
"516",200,0.5,17,"real",5
"517",300,1,17,"real",2
"518",400,0,4,"unreal",1
"519",300,0,17,"real",2
"520",100,1,17,"real",3
"521",400,1,17,"real",2
"522",200,0,4,"unreal",1
"523",100,0,4,"unreal",1
"524",0,0,4,"unreal",2
"525",300,0.5,4,"unreal",2
"526",100,0.5,4,"unreal",3
"527",200,0,17,"real",4
"528",0,1,17,"real",8
"529",200,1,4,"unreal",1
"530",400,0.5,17,"real",1
"531",300,0,4,"unreal",1
"532",100,1,4,"unreal",2
"533",400,1,4,"unreal",3
"534",400,0,17,"real",2
"535",100,0.5,17,"real",7
"536",0,0.5,17,"real",8
"537",100,0,17,"real",7
"538",200,1,17,"real",5
"539",300,0.5,17,"real",6
"540",0,1,4,"unreal",7
"541",100,0.5,4,"unreal",6
"542",100,1,17,"real",7
"543",0,1,17,"real",8
"544",200,0.5,4,"unreal",3
"545",100,1,4,"unreal",3
"546",200,0,17,"real",9
"547",100,0.5,17,"real",8
"548",0,0,17,"real",9
"549",300,1,4,"unreal",1
"550",400,0,17,"real",2
"551",0,1,4,"unreal",1
"552",200,0.5,17,"real",3
"553",0,0,4,"unreal",3
"554",400,0,4,"unreal",7
"555",400,1,4,"unreal",1
"556",0,0.5,4,"unreal",8
"557",0,0.5,17,"real",9
"558",300,1,17,"real",5
"559",300,0,4,"unreal",3
"560",300,0,17,"real",4
"561",100,0,17,"real",9
"562",400,1,17,"real",9
"563",100,0,4,"unreal",5
"564",200,1,4,"unreal",2
"565",400,0.5,17,"real",2
"566",200,0,4,"unreal",1
"567",200,1,17,"real",1
"568",400,0.5,4,"unreal",2
"569",300,0.5,4,"unreal",1
"570",300,0.5,17,"real",2
"571",200,0.5,4,"unreal",1
"572",100,1,4,"unreal",2
"573",0,1,4,"unreal",2
"574",200,0,4,"unreal",1
"575",0,0.5,4,"unreal",4
"576",200,1,4,"unreal",2
"577",400,0.5,17,"real",8
"578",400,0,4,"unreal",3
"579",300,1,4,"unreal",1
"580",100,0.5,17,"real",3
"581",400,1,4,"unreal",1
"582",100,0,4,"unreal",2
"583",400,1,17,"real",1
"584",200,0,17,"real",2
"585",100,0.5,4,"unreal",1
"586",0,1,17,"real",9
"587",0,0,4,"unreal",7
"588",0,0,17,"real",8
"589",400,0.5,4,"unreal",7
"590",200,1,17,"real",6
"591",400,0,17,"real",7
"592",200,0.5,17,"real",4
"593",300,0.5,4,"unreal",2
"594",100,1,17,"real",3
"595",300,0,17,"real",1
"596",100,0,17,"real",2
"597",300,1,17,"real",8
"598",300,0,4,"unreal",5
"599",0,0.5,17,"real",8
"600",300,0.5,17,"real",1
"601",400,1,17,"real",7
"602",0,0,17,"real",9
"603",400,0,4,"unreal",6
"604",0,1,17,"real",9
"605",200,0,17,"real",7
"606",100,0.5,17,"real",7
"607",100,0.5,4,"unreal",8
"608",400,0.5,17,"real",5
"609",300,0,4,"unreal",5
"610",0,1,4,"unreal",9
"611",300,0,17,"real",6
"612",0,0.5,4,"unreal",9
"613",100,0,4,"unreal",8
"614",200,0,4,"unreal",6
"615",100,0,17,"real",7
"616",300,0.5,4,"unreal",6
"617",200,1,17,"real",5
"618",400,0.5,4,"unreal",4
"619",100,1,4,"unreal",8
"620",200,0.5,17,"real",7
"621",400,0,17,"real",6
"622",300,0.5,17,"real",6
"623",0,0.5,17,"real",9
"624",200,1,4,"unreal",6
"625",100,1,17,"real",9
"626",200,0.5,4,"unreal",5
"627",300,1,4,"unreal",4
"628",300,1,17,"real",3
"629",400,1,4,"unreal",3
"630",0,0,4,"unreal",9
"631",0,1,4,"unreal",9
"632",100,1,4,"unreal",9
"633",100,0,4,"unreal",9
"634",200,0.5,17,"real",7
"635",400,1,4,"unreal",5
"636",300,0.5,4,"unreal",5
"637",200,0,17,"real",5
"638",400,0.5,4,"unreal",4
"639",100,0.5,17,"real",7
"640",200,1,17,"real",5
"641",200,0,4,"unreal",4
"642",100,0.5,4,"unreal",5
"643",400,1,17,"real",3
"644",100,0,17,"real",8
"645",300,1,4,"unreal",5
"646",0,0.5,4,"unreal",9
"647",400,0.5,17,"real",6
"648",300,0,4,"unreal",6
"649",0,0,4,"unreal",8
"650",400,0,4,"unreal",5
"651",200,0.5,4,"unreal",5
"652",200,1,4,"unreal",5
"653",300,0.5,17,"real",4
"654",100,1,17,"real",4
"655",0,1,17,"real",8
"656",300,1,17,"real",4
"657",400,0,17,"real",4
"658",300,0,17,"real",4
"659",0,0.5,17,"real",9
"660",0,0,17,"real",9
"661",200,0,17,"real",7
"662",0,1,17,"real",8
"663",200,1,17,"real",6
"664",100,1,17,"real",6
"665",0,0,17,"real",8
"666",300,1,17,"real",6
"667",400,0,17,"real",4
"668",0,0.5,4,"unreal",9
"669",0,0.5,17,"real",9
"670",200,0.5,17,"real",6
"671",100,1,4,"unreal",8
"672",100,0,17,"real",8
"673",100,0,4,"unreal",8
"674",300,1,4,"unreal",6
"675",0,0,4,"unreal",8
"676",400,0.5,4,"unreal",5
"677",400,1,4,"unreal",5
"678",0,1,4,"unreal",9
"679",300,0,17,"real",6
"680",400,1,17,"real",5
"681",400,0.5,17,"real",5
"682",300,0,4,"unreal",4
"683",100,0.5,4,"unreal",8
"684",200,0,4,"unreal",7
"685",200,0.5,4,"unreal",7
"686",300,0.5,4,"unreal",7
"687",400,0,4,"unreal",7
"688",100,0.5,17,"real",9
"689",200,1,4,"unreal",7
"690",300,0.5,17,"real",8
"691",200,0,4,"unreal",7
"692",400,0.5,4,"unreal",5
"693",200,0,17,"real",6
"694",100,1,4,"unreal",8
"695",300,1,17,"real",5
"696",0,1,17,"real",9
"697",0,0,17,"real",9
"698",400,0,17,"real",6
"699",300,0.5,4,"unreal",5
"700",100,0.5,4,"unreal",8
"701",300,0,17,"real",6
"702",100,0,4,"unreal",7
"703",400,1,4,"unreal",6
"704",300,1,4,"unreal",4
"705",0,0.5,4,"unreal",8
"706",300,0,4,"unreal",5
"707",200,0.5,17,"real",7
"708",0,0,4,"unreal",9
"709",100,1,17,"real",8
"710",400,0,4,"unreal",5
"711",200,1,17,"real",6
"712",100,0,17,"real",8
"713",400,0.5,17,"real",6
"714",0,1,4,"unreal",9
"715",400,1,17,"real",5
"716",200,0.5,4,"unreal",7
"717",100,0.5,17,"real",8
"718",0,0.5,17,"real",9
"719",200,1,4,"unreal",6
"720",300,0.5,17,"real",5
"721",100,1,4,"unreal",7
"722",100,1,17,"real",8
"723",400,0.5,4,"unreal",1
"724",300,0.5,17,"real",2
"725",300,0.5,4,"unreal",1
"726",200,0,17,"real",7
"727",300,0,17,"real",6
"728",0,1,17,"real",9
"729",200,0.5,4,"unreal",6
"730",200,0.5,17,"real",7
"731",100,0.5,17,"real",7
"732",100,0.5,4,"unreal",8
"733",300,1,4,"unreal",1
"734",400,1,4,"unreal",1
"735",0,0.5,4,"unreal",8
"736",200,0,4,"unreal",6
"737",200,1,17,"real",6
"738",400,1,17,"real",2
"739",400,0,17,"real",2
"740",400,0.5,17,"real",2
"741",100,0,4,"unreal",8
"742",0,0,17,"real",9
"743",0,0.5,17,"real",9
"744",300,1,17,"real",8
"745",400,0,4,"unreal",1
"746",100,0,17,"real",9
"747",200,1,4,"unreal",7
"748",0,0,4,"unreal",8
"749",300,0,4,"unreal",3
"750",0,1,4,"unreal",8
"751",200,1,4,"unreal",3
"752",300,1,4,"unreal",3
"753",400,1,17,"real",2
"754",400,0,17,"real",5
"755",0,0.5,4,"unreal",8
"756",300,0,4,"unreal",7
"757",0,1,4,"unreal",9
"758",200,1,17,"real",7
"759",400,1,4,"unreal",1
"760",400,0,4,"unreal",1
"761",100,0.5,4,"unreal",8
"762",100,1,4,"unreal",8
"763",300,0.5,4,"unreal",3
"764",400,0.5,4,"unreal",1
"765",100,0,4,"unreal",6
"766",100,0.5,17,"real",9
"767",200,0,4,"unreal",2
"768",200,0.5,4,"unreal",2
"769",300,1,17,"real",3
"770",200,0,17,"real",5
"771",100,1,17,"real",9
"772",200,0.5,17,"real",8
"773",300,0,17,"real",7
"774",400,0.5,17,"real",6
"775",100,0,17,"real",8
"776",0,0,4,"unreal",8
"777",0,0.5,17,"real",9
"778",0,0,17,"real",9
"779",0,1,17,"real",9
"780",300,0.5,17,"real",7
"781",200,0,17,"real",7
"782",100,1,4,"unreal",8
"783",300,0.5,17,"real",3
"784",200,0,4,"unreal",3
"785",100,0,17,"real",9
"786",0,1,17,"real",9
"787",300,0,17,"real",6
"788",300,0.5,4,"unreal",3
"789",200,0.5,4,"unreal",1
"790",100,0.5,4,"unreal",6
"791",400,0,4,"unreal",1
"792",400,1,4,"unreal",1
"793",300,1,4,"unreal",1
"794",200,0.5,17,"real",7
"795",0,1,4,"unreal",8
"796",0,0,17,"real",9
"797",0,0.5,17,"real",9
"798",0,0.5,4,"unreal",9
"799",200,1,4,"unreal",8
"800",200,1,17,"real",7
"801",300,0,4,"unreal",2
"802",400,1,17,"real",1
"803",400,0.5,4,"unreal",1
"804",0,0,4,"unreal",8
"805",100,0.5,17,"real",8
"806",100,1,17,"real",9
"807",100,0,4,"unreal",8
"808",300,1,17,"real",3
"809",400,0.5,17,"real",7
"810",400,0,17,"real",6
"811",300,1,17,"real",4
"812",0,0.5,17,"real",9
"813",0,0,17,"real",9
"814",200,0,17,"real",7
"815",300,0,17,"real",7
"816",100,0,17,"real",9
"817",400,0,17,"real",7
"818",0,1,17,"real",9
"819",400,0.5,4,"unreal",1
"820",0,1,4,"unreal",9
"821",200,0,4,"unreal",2
"822",100,0.5,17,"real",8
"823",300,0.5,17,"real",7
"824",0,0,4,"unreal",8
"825",100,1,4,"unreal",8
"826",400,0.5,17,"real",6
"827",100,0,4,"unreal",8
"828",400,0,4,"unreal",3
"829",300,1,4,"unreal",1
"830",200,1,4,"unreal",3
"831",200,0.5,4,"unreal",3
"832",300,0.5,4,"unreal",3
"833",100,0.5,4,"unreal",8
"834",400,1,4,"unreal",3
"835",200,1,17,"real",7
"836",300,0,4,"unreal",2
"837",0,0.5,4,"unreal",9
"838",200,0.5,17,"real",7
"839",400,1,17,"real",6
"840",100,1,17,"real",9
"841",200,1,17,"real",9
"842",300,1,4,"unreal",2
"843",200,0,4,"unreal",2
"844",200,0.5,17,"real",8
"845",300,0.5,4,"unreal",2
"846",0,0,17,"real",9
"847",400,1,4,"unreal",2
"848",400,0,17,"real",8
"849",100,0,17,"real",9
"850",0,0,4,"unreal",4
"851",300,0,17,"real",7
"852",100,0,4,"unreal",4
"853",200,1,4,"unreal",3
"854",0,0.5,4,"unreal",5
"855",100,1,4,"unreal",5
"856",400,0,4,"unreal",3
"857",0,1,4,"unreal",4
"858",100,0.5,17,"real",9
"859",200,0,17,"real",9
"860",100,0.5,4,"unreal",4
"861",400,0.5,4,"unreal",3
"862",200,0.5,4,"unreal",4
"863",300,0.5,17,"real",8
"864",0,1,17,"real",9
"865",300,0,4,"unreal",3
"866",300,1,17,"real",7
"867",400,0.5,17,"real",7
"868",100,1,17,"real",9
"869",400,1,17,"real",7
"870",0,0.5,17,"real",9
"871",400,0.5,17,"real",8
"872",300,0,4,"unreal",3
"873",200,0,17,"real",8
"874",200,0.5,4,"unreal",4
"875",100,0.5,4,"unreal",3
"876",100,1,17,"real",8
"877",200,0,4,"unreal",2
"878",400,0.5,4,"unreal",2
"879",300,0,17,"real",8
"880",0,1,17,"real",9
"881",200,0.5,17,"real",8
"882",100,1,4,"unreal",4
"883",0,0,4,"unreal",3
"884",100,0,17,"real",9
"885",400,1,17,"real",7
"886",300,1,4,"unreal",3
"887",200,1,4,"unreal",2
"888",400,1,4,"unreal",2
"889",400,0,4,"unreal",2
"890",0,0,17,"real",9
"891",0,0.5,4,"unreal",2
"892",100,0,4,"unreal",2
"893",100,0.5,17,"real",9
"894",0,1,4,"unreal",4
"895",200,1,17,"real",8
"896",0,0.5,17,"real",9
"897",400,0,17,"real",7
"898",300,0.5,4,"unreal",3
"899",300,1,17,"real",7
"900",300,0.5,17,"real",7
"901",200,1,17,"real",9
"902",100,1,4,"unreal",6
"903",100,0,4,"unreal",3
"904",0,0.5,4,"unreal",5
"905",400,0.5,4,"unreal",2
"906",0,0,17,"real",9
"907",200,0.5,17,"real",9
"908",300,0,17,"real",7
"909",200,0.5,4,"unreal",3
"910",400,1,4,"unreal",1
"911",300,0,4,"unreal",3
"912",400,0,17,"real",4
"913",400,0.5,17,"real",7
"914",200,1,4,"unreal",3
"915",300,0.5,4,"unreal",3
"916",300,1,4,"unreal",2
"917",200,0,17,"real",7
"918",300,1,17,"real",7
"919",200,0,4,"unreal",3
"920",100,0,17,"real",9
"921",100,1,17,"real",8
"922",0,1,4,"unreal",4
"923",400,0,4,"unreal",3
"924",100,0.5,17,"real",9
"925",100,0.5,4,"unreal",3
"926",0,0,4,"unreal",4
"927",0,1,17,"real",9
"928",400,1,17,"real",7
"929",0,0.5,17,"real",9
"930",300,0.5,17,"real",8
"931",200,1,4,"unreal",3
"932",300,0.5,17,"real",7
"933",100,1,4,"unreal",3
"934",200,0,17,"real",8
"935",400,0,17,"real",7
"936",300,0.5,4,"unreal",4
"937",300,1,4,"unreal",3
"938",400,1,17,"real",7
"939",0,0,4,"unreal",4
"940",0,1,17,"real",9
"941",100,0.5,4,"unreal",3
"942",100,0,4,"unreal",4
"943",0,1,4,"unreal",4
"944",200,1,17,"real",7
"945",400,0,4,"unreal",4
"946",100,0.5,17,"real",9
"947",200,0,4,"unreal",4
"948",0,0,17,"real",9
"949",200,0.5,17,"real",7
"950",100,1,17,"real",9
"951",300,0,17,"real",7
"952",400,0.5,17,"real",8
"953",200,0.5,4,"unreal",2
"954",400,1,4,"unreal",1
"955",300,1,17,"real",7
"956",100,0,17,"real",9
"957",0,0.5,4,"unreal",3
"958",300,0,4,"unreal",2
"959",400,0.5,4,"unreal",2
"960",0,0.5,17,"real",8
"961",400,0,17,"real",3
"962",100,1,4,"unreal",3
"963",100,0,17,"real",5
"964",100,1,17,"real",5
"965",200,0.5,4,"unreal",1
"966",400,1,4,"unreal",1
"967",100,0.5,4,"unreal",1
"968",0,0.5,17,"real",9
"969",300,1,4,"unreal",1
"970",300,0.5,17,"real",5
"971",200,0.5,17,"real",5
"972",0,0.5,4,"unreal",9
"973",0,1,17,"real",9
"974",200,1,4,"unreal",1
"975",400,0.5,17,"real",3
"976",400,0,4,"unreal",1
"977",0,1,4,"unreal",9
"978",300,0,17,"real",3
"979",300,1,17,"real",4
"980",0,0,4,"unreal",8
"981",200,0,17,"real",5
"982",300,0.5,4,"unreal",1
"983",200,0,4,"unreal",1
"984",400,1,17,"real",3
"985",200,1,17,"real",3
"986",100,0.5,17,"real",9
"987",300,0,4,"unreal",1
"988",400,0.5,4,"unreal",1
"989",0,0,17,"real",9
"990",100,0,4,"unreal",7
"991",200,1,17,"real",5
"992",100,1,17,"real",7
"993",300,1,17,"real",5
"994",300,0.5,4,"unreal",1
"995",200,0,4,"unreal",1
"996",100,0,4,"unreal",1
"997",300,0,4,"unreal",1
"998",300,0,17,"real",3
"999",200,0,17,"real",4
"1000",100,1,4,"unreal",1
"1001",200,1,4,"unreal",1
"1002",300,0.5,17,"real",3
"1003",400,1,17,"real",3
"1004",400,0.5,17,"real",3
"1005",400,0,4,"unreal",1
"1006",0,1,17,"real",9
"1007",400,0,17,"real",5
"1008",400,0.5,4,"unreal",1
"1009",0,0,17,"real",9
"1010",300,1,4,"unreal",1
"1011",0,1,4,"unreal",7
"1012",100,0.5,17,"real",7
"1013",400,1,4,"unreal",1
"1014",200,0.5,17,"real",4
"1015",100,0.5,4,"unreal",1
"1016",0,0.5,17,"real",9
"1017",0,0.5,4,"unreal",8
"1018",0,0,4,"unreal",7
"1019",100,0,17,"real",7
"1020",200,0.5,4,"unreal",1
"1021",0,1,4,"unreal",7
"1022",400,0,4,"unreal",1
"1023",200,0.5,17,"real",5
"1024",100,0.5,4,"unreal",1
"1025",300,0,4,"unreal",1
"1026",0,0.5,17,"real",9
"1027",300,1,4,"unreal",1
"1028",0,1,17,"real",9
"1029",200,0.5,4,"unreal",1
"1030",400,0,17,"real",3
"1031",200,0,4,"unreal",1
"1032",0,0,17,"real",9
"1033",200,1,17,"real",7
"1034",300,0.5,4,"unreal",1
"1035",100,1,4,"unreal",5
"1036",200,0,17,"real",4
"1037",100,0.5,17,"real",7
"1038",400,1,17,"real",5
"1039",200,1,4,"unreal",1
"1040",300,0,17,"real",4
"1041",100,0,17,"real",7
"1042",100,1,17,"real",8
"1043",100,0,4,"unreal",1
"1044",400,0.5,17,"real",3
"1045",300,1,17,"real",3
"1046",400,1,4,"unreal",1
"1047",0,0.5,4,"unreal",7
"1048",400,0.5,4,"unreal",1
"1049",0,0,4,"unreal",9
"1050",300,0.5,17,"real",3
"1051",200,0.5,4,"unreal",1
"1052",0,1,17,"real",9
"1053",200,0,4,"unreal",1
"1054",300,0,17,"real",5
"1055",100,1,17,"real",7
"1056",300,0,4,"unreal",1
"1057",0,0.5,17,"real",9
"1058",200,0,17,"real",7
"1059",100,0,17,"real",7
"1060",0,1,4,"unreal",7
"1061",400,1,17,"real",5
"1062",100,0,4,"unreal",3
"1063",400,0.5,17,"real",3
"1064",200,1,17,"real",3
"1065",400,0,17,"real",4
"1066",0,0,17,"real",9
"1067",300,0.5,4,"unreal",1
"1068",200,0.5,17,"real",3
"1069",0,0,4,"unreal",7
"1070",400,1,4,"unreal",1
"1071",100,1,4,"unreal",5
"1072",300,1,17,"real",4
"1073",0,0.5,4,"unreal",8
"1074",300,1,4,"unreal",1
"1075",400,0,4,"unreal",1
"1076",300,0.5,17,"real",4
"1077",200,1,4,"unreal",1
"1078",100,0.5,4,"unreal",1
"1079",100,0.5,17,"real",5
"1080",400,0.5,4,"unreal",1
"1081",0,1,4,"unreal",7
"1082",400,0,4,"unreal",3
"1083",0,0,17,"real",8
"1084",400,0.5,17,"real",3
"1085",100,0.5,4,"unreal",6
"1086",300,0,4,"unreal",4
"1087",300,0.5,17,"real",4
"1088",200,0,4,"unreal",6
"1089",0,1,17,"real",8
"1090",200,1,4,"unreal",4
"1091",400,0.5,4,"unreal",4
"1092",200,0,17,"real",4
"1093",400,0,17,"real",3
"1094",200,0.5,17,"real",5
"1095",0,0,4,"unreal",7
"1096",300,0.5,4,"unreal",5
"1097",100,0,4,"unreal",7
"1098",100,0.5,17,"real",7
"1099",400,1,17,"real",3
"1100",200,1,17,"real",3
"1101",100,0,17,"real",7
"1102",400,1,4,"unreal",3
"1103",0,0.5,4,"unreal",7
"1104",300,0,17,"real",5
"1105",200,0.5,4,"unreal",5
"1106",300,1,4,"unreal",5
"1107",100,1,4,"unreal",6
"1108",300,1,17,"real",4
"1109",0,0.5,17,"real",8
"1110",100,1,17,"real",7
"1111",0,0,4,"unreal",8
"1112",200,0.5,17,"real",6
"1113",200,0,17,"real",6
"1114",100,1,4,"unreal",6
"1115",300,1,17,"real",5
"1116",400,1,4,"unreal",4
"1117",100,0,4,"unreal",6
"1118",400,0,4,"unreal",5
"1119",300,0.5,17,"real",6
"1120",300,1,4,"unreal",5
"1121",400,1,17,"real",4
"1122",200,1,17,"real",4
"1123",0,0.5,4,"unreal",7
"1124",300,0,4,"unreal",6
"1125",300,0.5,4,"unreal",6
"1126",200,1,4,"unreal",5
"1127",300,0,17,"real",5
"1128",400,0.5,17,"real",5
"1129",0,0,17,"real",8
"1130",0,1,17,"real",9
"1131",200,0.5,4,"unreal",6
"1132",200,0,4,"unreal",5
"1133",100,1,17,"real",6
"1134",100,0.5,4,"unreal",6
"1135",100,0,17,"real",7
"1136",0,0.5,17,"real",8
"1137",400,0,17,"real",5
"1138",400,0.5,4,"unreal",4
"1139",0,1,4,"unreal",7
"1140",100,0.5,17,"real",7
"1141",400,0,17,"real",4
"1142",0,1,4,"unreal",7
"1143",0,0,17,"real",7
"1144",400,0,4,"unreal",4
"1145",300,0.5,17,"real",4
"1146",0,0,4,"unreal",7
"1147",300,1,17,"real",4
"1148",200,1,4,"unreal",4
"1149",100,1,17,"real",5
"1150",300,1,4,"unreal",3
"1151",400,1,4,"unreal",3
"1152",100,0,4,"unreal",5
"1153",100,0.5,17,"real",6
"1154",0,0.5,4,"unreal",7
"1155",200,0,17,"real",5
"1156",0,1,17,"real",8
"1157",0,0.5,17,"real",8
"1158",100,0,17,"real",7
"1159",200,0.5,4,"unreal",5
"1160",300,0,4,"unreal",4
"1161",300,0.5,4,"unreal",3
"1162",400,0.5,4,"unreal",3
"1163",300,0,17,"real",4
"1164",400,0.5,17,"real",4
"1165",400,1,17,"real",3
"1166",200,1,17,"real",4
"1167",200,0.5,17,"real",4
"1168",100,0.5,4,"unreal",6
"1169",100,1,4,"unreal",6
"1170",200,0,4,"unreal",6
"1171",400,0,17,"real",4
"1172",100,1,4,"unreal",6
"1173",300,1,17,"real",3
"1174",400,0,4,"unreal",4
"1175",200,1,4,"unreal",5
"1176",400,0.5,4,"unreal",4
"1177",0,0.5,17,"real",8
"1178",100,1,17,"real",7
"1179",200,1,17,"real",6
"1180",200,0,17,"real",5
"1181",400,1,4,"unreal",3
"1182",300,0.5,4,"unreal",3
"1183",300,0,4,"unreal",4
"1184",0,0.5,4,"unreal",7
"1185",400,1,17,"real",3
"1186",0,0,4,"unreal",7
"1187",100,0.5,4,"unreal",6
"1188",0,0,17,"real",7
"1189",0,1,4,"unreal",7
"1190",400,0.5,17,"real",5
"1191",0,1,17,"real",8
"1192",300,1,4,"unreal",5
"1193",300,0,17,"real",5
"1194",100,0.5,17,"real",6
"1195",200,0.5,17,"real",6
"1196",100,0,17,"real",6
"1197",100,0,4,"unreal",7
"1198",200,0,4,"unreal",6
"1199",300,0.5,17,"real",6
"1200",200,0.5,4,"unreal",5
"1201",0,0.5,17,"real",8
"1202",200,1,4,"unreal",4
"1203",300,1,4,"unreal",2
"1204",100,1,4,"unreal",5
"1205",300,1,17,"real",3
"1206",0,1,4,"unreal",7
"1207",200,0.5,17,"real",6
"1208",0,1,17,"real",8
"1209",200,0,4,"unreal",4
"1210",400,0.5,17,"real",5
"1211",300,0.5,17,"real",5
"1212",100,0.5,4,"unreal",4
"1213",300,0,4,"unreal",4
"1214",100,1,17,"real",6
"1215",0,0,17,"real",9
"1216",100,0.5,17,"real",8
"1217",100,0,4,"unreal",4
"1218",400,0.5,4,"unreal",2
"1219",400,1,4,"unreal",2
"1220",0,0.5,4,"unreal",6
"1221",200,0,17,"real",6
"1222",400,0,4,"unreal",2
"1223",200,0.5,4,"unreal",2
"1224",400,1,17,"real",3
"1225",200,1,17,"real",4
"1226",0,0,4,"unreal",6
"1227",300,0,17,"real",5
"1228",300,0.5,4,"unreal",3
"1229",100,0,17,"real",6
"1230",400,0,17,"real",4
"1231",300,0,4,"unreal",2
"1232",100,0.5,4,"unreal",5
"1233",400,0,4,"unreal",2
"1234",100,0,17,"real",6
"1235",200,0,17,"real",5
"1236",100,1,17,"real",7
"1237",200,0.5,17,"real",6
"1238",300,0,17,"real",5
"1239",400,1,17,"real",3
"1240",300,1,4,"unreal",2
"1241",100,1,4,"unreal",4
"1242",400,0.5,4,"unreal",2
"1243",200,0.5,4,"unreal",3
"1244",100,0,4,"unreal",5
"1245",0,0.5,17,"real",9
"1246",0,1,4,"unreal",5
"1247",200,1,4,"unreal",3
"1248",400,0,17,"real",4
"1249",0,0,4,"unreal",6
"1250",100,0.5,17,"real",7
"1251",300,1,17,"real",4
"1252",0,1,17,"real",9
"1253",0,0.5,4,"unreal",8
"1254",0,0,17,"real",9
"1255",200,1,17,"real",6
"1256",200,0,4,"unreal",3
"1257",300,0.5,17,"real",5
"1258",400,0.5,17,"real",4
"1259",300,0.5,4,"unreal",3
"1260",400,1,4,"unreal",2
"1261",0,0,17,"real",8
"1262",400,0,4,"unreal",3
"1263",100,0.5,17,"real",6
"1264",0,0.5,17,"real",9
"1265",0,0.5,4,"unreal",6
"1266",200,0,17,"real",6
"1267",400,1,4,"unreal",2
"1268",100,0,17,"real",7
"1269",100,0.5,4,"unreal",4
"1270",300,0.5,17,"real",6
"1271",0,1,4,"unreal",7
"1272",200,0.5,4,"unreal",4
"1273",200,0.5,17,"real",6
"1274",400,1,17,"real",5
"1275",100,1,4,"unreal",5
"1276",400,0.5,17,"real",5
"1277",0,1,17,"real",8
"1278",300,1,17,"real",3
"1279",200,1,4,"unreal",3
"1280",200,0,4,"unreal",3
"1281",0,0,4,"unreal",8
"1282",400,0,17,"real",6
"1283",300,0,17,"real",5
"1284",100,0,4,"unreal",6
"1285",300,0,4,"unreal",4
"1286",300,0.5,4,"unreal",2
"1287",200,1,17,"real",5
"1288",100,1,17,"real",6
"1289",300,1,4,"unreal",2
"1290",400,0.5,4,"unreal",2
"1291",200,0.5,17,"real",6
"1292",200,0,17,"real",6
"1293",400,1,4,"unreal",1
"1294",0,0.5,4,"unreal",8
"1295",400,0,17,"real",5
"1296",200,0.5,4,"unreal",3
"1297",400,1,17,"real",5
"1298",400,0,4,"unreal",2
"1299",200,1,4,"unreal",2
"1300",100,0.5,17,"real",9
"1301",0,0.5,17,"real",9
"1302",300,0,4,"unreal",3
"1303",0,1,17,"real",9
"1304",400,0.5,4,"unreal",2
"1305",200,1,17,"real",6
"1306",400,0.5,17,"real",4
"1307",100,1,17,"real",7
"1308",300,0.5,17,"real",5
"1309",300,1,17,"real",4
"1310",0,1,4,"unreal",8
"1311",0,0,4,"unreal",8
"1312",0,0,17,"real",9
"1313",300,0.5,4,"unreal",2
"1314",300,1,4,"unreal",2
"1315",300,0,17,"real",4
"1316",100,0,17,"real",6
"1317",200,0,4,"unreal",3
"1318",100,1,4,"unreal",5
"1319",100,0,4,"unreal",5
"1320",100,0.5,4,"unreal",5
"1321",0,0,4,"unreal",8
"1322",100,1,4,"unreal",4
"1323",200,0,17,"real",3
"1324",0,0.5,17,"real",9
"1325",200,1,17,"real",2
"1326",400,0.5,17,"real",1
"1327",300,1,17,"real",1
"1328",300,0,17,"real",1
"1329",100,0.5,17,"real",8
"1330",300,1,4,"unreal",1
"1331",0,0.5,4,"unreal",7
"1332",200,1,4,"unreal",2
"1333",400,0,17,"real",6
"1334",400,0.5,4,"unreal",2
"1335",200,0.5,4,"unreal",2
"1336",300,0.5,4,"unreal",2
"1337",0,0,17,"real",9
"1338",100,0.5,4,"unreal",6
"1339",300,0.5,17,"real",3
"1340",300,0,4,"unreal",2
"1341",100,0,4,"unreal",6
"1342",200,0.5,17,"real",6
"1343",0,1,17,"real",9
"1344",400,1,17,"real",1
"1345",100,0,17,"real",7
"1346",100,1,17,"real",6
"1347",200,0,4,"unreal",2
"1348",400,1,4,"unreal",2
"1349",400,0,4,"unreal",2
"1350",0,1,4,"unreal",7
"1351",100,0.5,4,"unreal",6
"1352",200,0.5,17,"real",4
"1353",300,1,4,"unreal",1
"1354",300,1,17,"real",2
"1355",400,1,17,"real",1
"1356",400,0.5,4,"unreal",1
"1357",100,1,17,"real",8
"1358",400,1,4,"unreal",1
"1359",200,0,17,"real",3
"1360",300,0,17,"real",2
"1361",300,0,4,"unreal",1
"1362",100,0,17,"real",8
"1363",100,0.5,17,"real",9
"1364",0,1,4,"unreal",7
"1365",300,0.5,17,"real",2
"1366",200,0,4,"unreal",2
"1367",0,0,4,"unreal",8
"1368",0,1,17,"real",9
"1369",0,0,17,"real",9
"1370",400,0,4,"unreal",4
"1371",100,0,4,"unreal",6
"1372",200,0.5,4,"unreal",2
"1373",200,1,4,"unreal",1
"1374",100,1,4,"unreal",2
"1375",300,0.5,4,"unreal",1
"1376",0,0.5,17,"real",9
"1377",400,0,17,"real",4
"1378",400,0.5,17,"real",2
"1379",0,0.5,4,"unreal",6
"1380",200,1,17,"real",5
"1381",200,1,17,"real",6
"1382",0,0,17,"real",9
"1383",200,0,17,"real",6
"1384",200,0.5,4,"unreal",3
"1385",400,1,17,"real",3
"1386",300,0,4,"unreal",2
"1387",200,0,4,"unreal",1
"1388",300,1,17,"real",2
"1389",0,0.5,4,"unreal",7
"1390",100,1,4,"unreal",3
"1391",0,1,17,"real",9
"1392",0,0.5,17,"real",9
"1393",400,0,17,"real",6
"1394",100,0.5,17,"real",9
"1395",100,0,4,"unreal",5
"1396",0,0,4,"unreal",7
"1397",100,0.5,4,"unreal",4
"1398",200,0.5,17,"real",7
"1399",400,0,4,"unreal",2
"1400",100,0,17,"real",8
"1401",400,1,4,"unreal",2
"1402",200,1,4,"unreal",1
"1403",0,1,4,"unreal",6
"1404",300,1,4,"unreal",3
"1405",100,1,17,"real",8
"1406",400,0.5,4,"unreal",3
"1407",300,0,17,"real",6
"1408",300,0.5,4,"unreal",2
"1409",400,0.5,17,"real",3
"1410",300,0.5,17,"real",2
"1411",200,1,17,"real",3
"1412",300,1,17,"real",4
"1413",400,1,4,"unreal",2
"1414",100,0,4,"unreal",2
"1415",200,0,17,"real",3
"1416",300,0,4,"unreal",1
"1417",200,0.5,17,"real",3
"1418",200,0,4,"unreal",2
"1419",400,0,17,"real",3
"1420",300,1,4,"unreal",4
"1421",200,1,4,"unreal",3
"1422",0,0,17,"real",9
"1423",0,1,4,"unreal",6
"1424",100,1,17,"real",8
"1425",300,0.5,4,"unreal",4
"1426",200,0.5,4,"unreal",2
"1427",100,0,17,"real",8
"1428",0,0,4,"unreal",7
"1429",400,1,17,"real",2
"1430",300,0.5,17,"real",2
"1431",400,0.5,17,"real",2
"1432",100,0.5,17,"real",8
"1433",0,1,17,"real",9
"1434",400,0.5,4,"unreal",2
"1435",400,0,4,"unreal",2
"1436",100,0.5,4,"unreal",3
"1437",300,0,17,"real",6
"1438",0,0.5,4,"unreal",6
"1439",100,1,4,"unreal",6
"1440",0,0.5,17,"real",9
"1441",200,0,17,"real",9
"1442",0,0.5,17,"real",9
"1443",100,0,17,"real",8
"1444",300,0,17,"real",6
"1445",300,0,4,"unreal",3
"1446",400,0.5,4,"unreal",4
"1447",100,0.5,17,"real",5
"1448",200,0,4,"unreal",4
"1449",300,0.5,4,"unreal",5
"1450",0,1,17,"real",7
"1451",400,0.5,17,"real",6
"1452",200,1,4,"unreal",4
"1453",300,1,4,"unreal",3
"1454",0,1,4,"unreal",4
"1455",200,1,17,"real",8
"1456",200,0.5,17,"real",6
"1457",100,0,4,"unreal",4
"1458",100,0.5,4,"unreal",5
"1459",0,0,17,"real",8
"1460",400,0,17,"real",6
"1461",300,1,17,"real",6
"1462",300,0.5,17,"real",6
"1463",100,1,17,"real",7
"1464",400,1,17,"real",7
"1465",200,0.5,4,"unreal",4
"1466",100,1,4,"unreal",4
"1467",400,0,4,"unreal",3
"1468",0,0,4,"unreal",4
"1469",400,1,4,"unreal",3
"1470",0,0.5,4,"unreal",5
"1471",0,1,4,"unreal",5
"1472",100,1,4,"unreal",4
"1473",300,0,4,"unreal",4
"1474",100,0.5,4,"unreal",4
"1475",200,0.5,4,"unreal",3
"1476",400,0,4,"unreal",4
"1477",100,0,17,"real",7
"1478",0,0,17,"real",9
"1479",0,1,17,"real",9
"1480",200,1,4,"unreal",2
"1481",300,1,4,"unreal",3
"1482",400,0.5,17,"real",6
"1483",0,0.5,4,"unreal",4
"1484",300,1,17,"real",7
"1485",400,1,4,"unreal",3
"1486",200,0.5,17,"real",8
"1487",100,1,17,"real",8
"1488",400,0.5,4,"unreal",2
"1489",200,1,17,"real",6
"1490",0,0.5,17,"real",8
"1491",300,0.5,4,"unreal",3
"1492",300,0.5,17,"real",6
"1493",0,0,4,"unreal",4
"1494",400,0,17,"real",7
"1495",100,0.5,17,"real",6
"1496",100,0,4,"unreal",4
"1497",200,0,4,"unreal",3
"1498",400,1,17,"real",6
"1499",200,0,17,"real",7
"1500",300,0,17,"real",8
"1501",300,1,17,"real",6
"1502",0,0,17,"real",8
"1503",300,0,4,"unreal",3
"1504",100,0.5,4,"unreal",2
"1505",100,0,17,"real",6
"1506",400,0.5,4,"unreal",2
"1507",100,0,4,"unreal",3
"1508",100,0.5,17,"real",7
"1509",0,0.5,4,"unreal",4
"1510",300,0.5,4,"unreal",4
"1511",200,0.5,17,"real",7
"1512",200,0,4,"unreal",3
"1513",0,0.5,17,"real",8
"1514",200,1,17,"real",6
"1515",400,0.5,17,"real",5
"1516",400,1,17,"real",6
"1517",200,0.5,4,"unreal",4
"1518",0,1,17,"real",5
"1519",100,1,4,"unreal",4
"1520",300,0,17,"real",5
"1521",0,0,4,"unreal",4
"1522",100,1,17,"real",6
"1523",300,0.5,17,"real",7
"1524",200,1,4,"unreal",3
"1525",200,0,17,"real",6
"1526",400,1,4,"unreal",4
"1527",400,0,4,"unreal",3
"1528",0,1,4,"unreal",4
"1529",300,1,4,"unreal",2
"1530",400,0,17,"real",5
"1531",0,0,4,"unreal",3
"1532",300,0,4,"unreal",4
"1533",300,0,17,"real",4
"1534",0,0.5,17,"real",6
"1535",100,1,4,"unreal",3
"1536",200,0.5,4,"unreal",4
"1537",200,0,17,"real",6
"1538",100,0,17,"real",4
"1539",400,0.5,4,"unreal",3
"1540",100,0.5,4,"unreal",4
"1541",100,0,4,"unreal",4
"1542",0,1,4,"unreal",5
"1543",0,1,17,"real",5
"1544",300,0.5,17,"real",6
"1545",400,1,17,"real",4
"1546",200,0,4,"unreal",2
"1547",200,1,4,"unreal",3
"1548",0,0,17,"real",4
"1549",300,0.5,4,"unreal",3
"1550",400,0,4,"unreal",4
"1551",200,0.5,17,"real",5
"1552",100,1,17,"real",6
"1553",100,0.5,17,"real",7
"1554",400,0.5,17,"real",5
"1555",0,0.5,4,"unreal",2
"1556",400,0,17,"real",4
"1557",300,1,4,"unreal",4
"1558",200,1,17,"real",6
"1559",300,1,17,"real",7
"1560",400,1,4,"unreal",3
"1561",0,0.5,17,"real",9
"1562",100,0.5,4,"unreal",6
"1563",100,0.5,17,"real",9
"1564",100,0,17,"real",9
"1565",100,1,17,"real",8
"1566",300,1,17,"real",7
"1567",400,0,4,"unreal",5
"1568",0,0,4,"unreal",5
"1569",300,1,4,"unreal",3
"1570",400,1,4,"unreal",3
"1571",300,0,4,"unreal",3
"1572",200,0,4,"unreal",4
"1573",400,0.5,17,"real",7
"1574",100,1,4,"unreal",4
"1575",100,0,4,"unreal",5
"1576",200,1,17,"real",8
"1577",0,1,4,"unreal",4
"1578",0,0.5,4,"unreal",2
"1579",300,0,17,"real",6
"1580",400,1,17,"real",6
"1581",400,0.5,4,"unreal",1
"1582",0,0,17,"real",6
"1583",200,0.5,4,"unreal",5
"1584",200,1,4,"unreal",5
"1585",400,0,17,"real",8
"1586",200,0.5,17,"real",7
"1587",300,0.5,4,"unreal",4
"1588",0,1,17,"real",6
"1589",300,0.5,17,"real",8
"1590",200,0,17,"real",8
"1591",400,0,4,"unreal",3
"1592",100,1,4,"unreal",2
"1593",0,1,17,"real",7
"1594",100,1,17,"real",9
"1595",200,1,4,"unreal",4
"1596",0,1,4,"unreal",5
"1597",300,1,17,"real",8
"1598",400,0.5,17,"real",7
"1599",0,0.5,4,"unreal",5
"1600",300,0.5,17,"real",7
"1601",400,0,17,"real",6
"1602",0,0,17,"real",8
"1603",400,0.5,4,"unreal",3
"1604",100,0.5,17,"real",5
"1605",200,0,4,"unreal",2
"1606",0,0,4,"unreal",1
"1607",200,0,17,"real",8
"1608",200,0.5,4,"unreal",4
"1609",300,0.5,4,"unreal",3
"1610",100,0.5,4,"unreal",3
"1611",400,1,17,"real",8
"1612",100,0,17,"real",9
"1613",200,1,17,"real",7
"1614",400,1,4,"unreal",1
"1615",300,1,4,"unreal",2
"1616",0,0.5,17,"real",9
"1617",300,0,17,"real",8
"1618",100,0,4,"unreal",5
"1619",200,0.5,17,"real",6
"1620",300,0,4,"unreal",4
"1621",0,0,17,"real",9
"1622",200,0,4,"unreal",2
"1623",100,0,17,"real",7
"1624",400,1,4,"unreal",4
"1625",0,0,4,"unreal",3
"1626",300,1,4,"unreal",2
"1627",100,0.5,4,"unreal",1
"1628",0,0.5,4,"unreal",1
"1629",300,0,17,"real",7
"1630",400,0,17,"real",6
"1631",0,1,4,"unreal",1
"1632",200,1,4,"unreal",1
"1633",200,0.5,4,"unreal",2
"1634",100,1,4,"unreal",1
"1635",400,0,4,"unreal",2
"1636",200,1,17,"real",7
"1637",300,1,17,"real",6
"1638",100,0,4,"unreal",6
"1639",300,0,4,"unreal",4
"1640",400,0.5,17,"real",7
"1641",200,0.5,17,"real",7
"1642",0,1,17,"real",9
"1643",300,0.5,17,"real",8
"1644",200,0,17,"real",8
"1645",100,0.5,17,"real",9
"1646",400,1,17,"real",7
"1647",400,0.5,4,"unreal",5
"1648",300,0.5,4,"unreal",5
"1649",0,0.5,17,"real",6
"1650",100,1,17,"real",7
"1651",0,0,4,"unreal",3
"1652",200,0,4,"unreal",4
"1653",400,0.5,17,"real",6
"1654",400,0,4,"unreal",2
"1655",200,0.5,4,"unreal",1
"1656",100,0,4,"unreal",1
"1657",300,0.5,4,"unreal",3
"1658",400,0.5,4,"unreal",4
"1659",200,0.5,17,"real",6
"1660",300,1,4,"unreal",4
"1661",100,0,17,"real",6
"1662",200,1,17,"real",6
"1663",0,1,4,"unreal",7
"1664",400,1,4,"unreal",4
"1665",0,1,17,"real",8
"1666",0,0.5,17,"real",8
"1667",400,0,17,"real",9
"1668",100,1,4,"unreal",7
"1669",100,0.5,4,"unreal",6
"1670",100,1,17,"real",7
"1671",200,1,4,"unreal",5
"1672",300,0,4,"unreal",4
"1673",200,0,17,"real",6
"1674",100,0.5,17,"real",6
"1675",0,0.5,4,"unreal",5
"1676",300,0,17,"real",7
"1677",400,1,17,"real",8
"1678",0,0,17,"real",9
"1679",300,1,17,"real",8
"1680",300,0.5,17,"real",7
"1681",0,0,4,"unreal",8
"1682",400,0.5,4,"unreal",1
"1683",400,0,17,"real",8
"1684",300,1,4,"unreal",1
"1685",200,0,17,"real",8
"1686",400,1,4,"unreal",1
"1687",0,0.5,17,"real",9
"1688",100,1,4,"unreal",1
"1689",100,0,17,"real",9
"1690",100,1,17,"real",9
"1691",400,0.5,17,"real",6
"1692",0,0.5,4,"unreal",9
"1693",200,0.5,4,"unreal",1
"1694",400,0,4,"unreal",3
"1695",0,1,17,"real",9
"1696",300,0.5,17,"real",6
"1697",200,1,4,"unreal",1
"1698",100,0.5,17,"real",9
"1699",0,1,4,"unreal",8
"1700",200,0,4,"unreal",2
"1701",300,0,17,"real",7
"1702",300,1,17,"real",6
"1703",400,1,17,"real",5
"1704",0,0,17,"real",9
"1705",200,1,17,"real",7
"1706",300,0,4,"unreal",1
"1707",100,0,4,"unreal",2
"1708",300,0.5,4,"unreal",1
"1709",100,0.5,4,"unreal",4
"1710",200,0.5,17,"real",8
"1711",300,0.5,17,"real",7
"1712",100,0,17,"real",9
"1713",100,0,4,"unreal",4
"1714",300,1,4,"unreal",1
"1715",200,0,4,"unreal",3
"1716",100,0.5,4,"unreal",2
"1717",400,0.5,17,"real",7
"1718",400,0,4,"unreal",1
"1719",300,0.5,4,"unreal",1
"1720",200,0.5,4,"unreal",2
"1721",300,0,4,"unreal",2
"1722",0,0,4,"unreal",8
"1723",400,0,17,"real",8
"1724",0,0.5,17,"real",9
"1725",0,0.5,4,"unreal",8
"1726",200,0,17,"real",8
"1727",400,1,4,"unreal",1
"1728",300,0,17,"real",8
"1729",200,1,4,"unreal",1
"1730",100,1,4,"unreal",6
"1731",200,1,17,"real",8
"1732",300,1,17,"real",7
"1733",100,0.5,17,"real",9
"1734",100,1,17,"real",9
"1735",400,0.5,4,"unreal",1
"1736",0,1,4,"unreal",9
"1737",0,1,17,"real",9
"1738",200,0.5,17,"real",8
"1739",400,1,17,"real",4
"1740",0,0,17,"real",9
"1741",300,0,17,"real",8
"1742",0,0,4,"unreal",8
"1743",200,1,4,"unreal",1
"1744",400,1,4,"unreal",1
"1745",100,0.5,4,"unreal",6
"1746",200,0,4,"unreal",4
"1747",400,1,17,"real",3
"1748",300,1,17,"real",5
"1749",300,1,4,"unreal",2
"1750",0,0.5,4,"unreal",9
"1751",200,0.5,4,"unreal",2
"1752",100,0,4,"unreal",5
"1753",100,1,17,"real",9
"1754",0,0.5,17,"real",9
"1755",200,0.5,17,"real",7
"1756",400,0,17,"real",7
"1757",0,0,17,"real",9
"1758",100,1,4,"unreal",1
"1759",400,0.5,4,"unreal",1
"1760",300,0,4,"unreal",3
"1761",300,0.5,17,"real",4
"1762",200,1,17,"real",7
"1763",0,1,17,"real",9
"1764",400,0,4,"unreal",1
"1765",100,0,17,"real",9
"1766",200,0,17,"real",8
"1767",0,1,4,"unreal",9
"1768",100,0.5,17,"real",8
"1769",300,0.5,4,"unreal",2
"1770",400,0.5,17,"real",3
"1771",200,0,17,"real",9
"1772",0,0,17,"real",9
"1773",300,0.5,4,"unreal",1
"1774",200,0.5,17,"real",9
"1775",0,0.5,4,"unreal",8
"1776",0,1,4,"unreal",8
"1777",400,0.5,4,"unreal",1
"1778",100,1,17,"real",9
"1779",300,0.5,17,"real",4
"1780",0,1,17,"real",9
"1781",400,1,4,"unreal",1
"1782",100,0.5,4,"unreal",2
"1783",0,0.5,17,"real",9
"1784",100,0.5,17,"real",8
"1785",200,0,4,"unreal",2
"1786",400,0,4,"unreal",1
"1787",400,0,17,"real",7
"1788",100,0,4,"unreal",8
"1789",0,0,4,"unreal",8
"1790",200,1,4,"unreal",3
"1791",100,1,4,"unreal",2
"1792",400,0.5,17,"real",3
"1793",300,0,17,"real",8
"1794",400,1,17,"real",3
"1795",300,1,4,"unreal",1
"1796",200,0.5,4,"unreal",2
"1797",300,1,17,"real",7
"1798",300,0,4,"unreal",1
"1799",100,0,17,"real",9
"1800",200,1,17,"real",6
"1801",0,0.5,4,"unreal",8
"1802",400,0.5,4,"unreal",6
"1803",400,0.5,17,"real",7
"1804",400,0,17,"real",3
"1805",100,0.5,17,"real",4
"1806",400,1,4,"unreal",2
"1807",200,0.5,17,"real",5
"1808",300,0.5,4,"unreal",4
"1809",200,0.5,4,"unreal",3
"1810",300,1,4,"unreal",3
"1811",400,1,17,"real",4
"1812",0,0.5,17,"real",9
"1813",200,1,17,"real",7
"1814",0,1,17,"real",9
"1815",100,1,4,"unreal",7
"1816",200,1,4,"unreal",6
"1817",200,0,17,"real",5
"1818",100,0,4,"unreal",7
"1819",300,0,4,"unreal",4
"1820",200,0,4,"unreal",5
"1821",300,0.5,17,"real",7
"1822",100,1,17,"real",8
"1823",0,0,17,"real",9
"1824",400,0,4,"unreal",6
"1825",100,0.5,4,"unreal",4
"1826",300,0,17,"real",4
"1827",100,0,17,"real",8
"1828",300,1,17,"real",7
"1829",0,0,4,"unreal",7
"1830",0,1,4,"unreal",7
"1831",400,1,4,"unreal",2
"1832",400,0,4,"unreal",5
"1833",200,1,17,"real",2
"1834",0,1,17,"real",8
"1835",200,0.5,4,"unreal",6
"1836",200,0,17,"real",3
"1837",100,0.5,4,"unreal",2
"1838",300,0,17,"real",4
"1839",0,0.5,4,"unreal",9
"1840",200,0.5,17,"real",8
"1841",300,0.5,4,"unreal",7
"1842",100,1,17,"real",6
"1843",400,0.5,17,"real",8
"1844",300,0,4,"unreal",5
"1845",100,1,4,"unreal",7
"1846",200,1,4,"unreal",6
"1847",100,0,4,"unreal",8
"1848",0,1,4,"unreal",8
"1849",300,0.5,17,"real",8
"1850",100,0,17,"real",9
"1851",400,0.5,4,"unreal",3
"1852",0,0,4,"unreal",6
"1853",300,1,17,"real",3
"1854",200,0,4,"unreal",4
"1855",100,0.5,17,"real",7
"1856",0,0.5,17,"real",8
"1857",400,0,17,"real",3
"1858",300,1,4,"unreal",1
"1859",400,1,17,"real",2
"1860",0,0,17,"real",9
"1861",200,1,17,"real",6
"1862",400,0.5,4,"unreal",5
"1863",300,0,4,"unreal",4
"1864",0,0.5,17,"real",9
"1865",400,1,4,"unreal",3
"1866",200,0.5,17,"real",4
"1867",400,0,17,"real",2
"1868",100,0.5,17,"real",7
"1869",200,0,4,"unreal",5
"1870",100,0,4,"unreal",6
"1871",200,0,17,"real",5
"1872",100,1,17,"real",6
"1873",400,1,17,"real",6
"1874",0,0,17,"real",6
"1875",300,0,17,"real",9
"1876",100,0,17,"real",8
"1877",200,1,4,"unreal",7
"1878",400,0.5,17,"real",6
"1879",300,0.5,4,"unreal",6
"1880",0,1,4,"unreal",8
"1881",0,0,4,"unreal",6
"1882",100,0.5,4,"unreal",5
"1883",200,0.5,4,"unreal",6
"1884",0,1,17,"real",9
"1885",300,1,4,"unreal",2
"1886",100,1,4,"unreal",2
"1887",400,0,4,"unreal",2
"1888",300,1,17,"real",4
"1889",0,0.5,4,"unreal",6
"1890",300,0.5,17,"real",2
"1891",400,0.5,17,"real",2
"1892",400,0,17,"real",2
"1893",400,0.5,4,"unreal",1
"1894",200,0,4,"unreal",3
"1895",200,0.5,4,"unreal",2
"1896",300,1,4,"unreal",2
"1897",200,0,17,"real",6
"1898",300,1,17,"real",5
"1899",100,0,4,"unreal",8
"1900",300,0.5,17,"real",5
"1901",100,0.5,4,"unreal",8
"1902",0,1,17,"real",9
"1903",100,1,4,"unreal",6
"1904",0,0,4,"unreal",7
"1905",400,0,4,"unreal",4
"1906",300,0,4,"unreal",4
"1907",0,0.5,4,"unreal",8
"1908",100,1,17,"real",7
"1909",300,0.5,4,"unreal",6
"1910",0,1,4,"unreal",4
"1911",0,0,17,"real",9
"1912",200,0.5,17,"real",7
"1913",400,1,4,"unreal",2
"1914",300,0,17,"real",6
"1915",200,1,17,"real",3
"1916",200,1,4,"unreal",3
"1917",100,0.5,17,"real",8
"1918",400,1,17,"real",4
"1919",100,0,17,"real",9
"1920",0,0.5,17,"real",9
"1921",400,1,4,"unreal",7
"1922",400,0,17,"real",7
"1923",300,0.5,4,"unreal",7
"1924",0,1,4,"unreal",9
"1925",300,1,4,"unreal",7
"1926",0,1,17,"real",9
"1927",300,0,4,"unreal",8
"1928",200,0.5,17,"real",8
"1929",200,0.5,4,"unreal",8
"1930",100,0.5,4,"unreal",9
"1931",400,0,4,"unreal",7
"1932",300,1,17,"real",6
"1933",0,0.5,4,"unreal",9
"1934",300,0,17,"real",8
"1935",0,0.5,17,"real",9
"1936",200,0,17,"real",9
"1937",400,1,17,"real",6
"1938",200,1,4,"unreal",7
"1939",100,1,17,"real",9
"1940",100,1,4,"unreal",9
"1941",100,0,4,"unreal",9
"1942",0,0,17,"real",9
"1943",400,0.5,17,"real",7
"1944",200,1,17,"real",7
"1945",400,0.5,4,"unreal",6
"1946",100,0,17,"real",9
"1947",300,0.5,17,"real",8
"1948",200,0,4,"unreal",9
"1949",100,0.5,17,"real",9
"1950",0,0,4,"unreal",9
"1951",300,0,4,"unreal",8
"1952",0,0,4,"unreal",9
"1953",200,0,4,"unreal",7
"1954",400,0.5,4,"unreal",7
"1955",200,1,4,"unreal",8
"1956",0,0.5,4,"unreal",9
"1957",0,1,17,"real",9
"1958",100,0.5,4,"unreal",9
"1959",0,1,4,"unreal",9
"1960",200,0.5,4,"unreal",8
"1961",400,0.5,17,"real",6
"1962",0,0.5,17,"real",9
"1963",200,0,17,"real",9
"1964",200,1,17,"real",7
"1965",100,0,4,"unreal",9
"1966",300,1,17,"real",6
"1967",400,1,17,"real",6
"1968",200,0.5,17,"real",8
"1969",100,0,17,"real",9
"1970",300,0.5,17,"real",8
"1971",100,0.5,17,"real",9
"1972",0,0,17,"real",9
"1973",300,1,4,"unreal",6
"1974",100,1,17,"real",9
"1975",400,0,4,"unreal",6
"1976",100,1,4,"unreal",9
"1977",300,0,17,"real",8
"1978",300,0.5,4,"unreal",7
"1979",400,0,17,"real",6
"1980",400,1,4,"unreal",5
"1981",400,1,4,"unreal",6
"1982",400,0,4,"unreal",6
"1983",200,0.5,4,"unreal",6
"1984",300,0,4,"unreal",6
"1985",100,0.5,17,"real",9
"1986",400,0.5,4,"unreal",5
"1987",100,0,17,"real",9
"1988",100,0.5,4,"unreal",9
"1989",100,1,17,"real",9
"1990",300,1,4,"unreal",5
"1991",300,0.5,4,"unreal",6
"1992",0,0,17,"real",9
"1993",300,0,17,"real",8
"1994",200,0,4,"unreal",8
"1995",100,0,4,"unreal",9
"1996",200,0,17,"real",9
"1997",100,1,4,"unreal",9
"1998",400,0.5,17,"real",5
"1999",300,0.5,17,"real",6
"2000",400,0,17,"real",5
"2001",0,0.5,17,"real",9
"2002",400,1,17,"real",5
"2003",300,1,17,"real",5
"2004",0,0,4,"unreal",9
"2005",200,0.5,17,"real",9
"2006",200,1,4,"unreal",7
"2007",0,1,4,"unreal",9
"2008",0,0.5,4,"unreal",9
"2009",200,1,17,"real",7
"2010",0,1,17,"real",9
"2011",100,0,4,"unreal",9
"2012",300,0,17,"real",8
"2013",300,0.5,4,"unreal",7
"2014",100,0.5,4,"unreal",9
"2015",0,0,4,"unreal",9
"2016",400,0.5,17,"real",6
"2017",0,0.5,4,"unreal",9
"2018",300,0,4,"unreal",5
"2019",400,0.5,4,"unreal",5
"2020",100,0.5,17,"real",9
"2021",400,1,17,"real",5
"2022",300,1,4,"unreal",6
"2023",0,0.5,17,"real",9
"2024",200,1,17,"real",8
"2025",400,0,17,"real",7
"2026",300,0.5,17,"real",6
"2027",400,0,4,"unreal",6
"2028",300,1,17,"real",5
"2029",200,0.5,17,"real",6
"2030",0,0,17,"real",9
"2031",100,0,17,"real",9
"2032",400,1,4,"unreal",5
"2033",100,1,4,"unreal",8
"2034",200,0.5,4,"unreal",8
"2035",0,1,4,"unreal",9
"2036",200,0,17,"real",8
"2037",0,1,17,"real",9
"2038",100,1,17,"real",9
"2039",200,1,4,"unreal",7
"2040",200,0,4,"unreal",7
"2041",300,0,4,"unreal",8
"2042",300,1,17,"real",8
"2043",100,1,4,"unreal",8
"2044",200,0.5,4,"unreal",8
"2045",300,1,4,"unreal",7
"2046",100,0.5,4,"unreal",8
"2047",200,1,4,"unreal",8
"2048",0,0,17,"real",9
"2049",100,1,17,"real",9
"2050",100,0,17,"real",9
"2051",0,0,4,"unreal",8
"2052",200,1,17,"real",7
"2053",200,0,4,"unreal",8
"2054",400,0.5,4,"unreal",8
"2055",100,0,4,"unreal",8
"2056",300,0.5,4,"unreal",8
"2057",200,0,17,"real",9
"2058",400,1,17,"real",9
"2059",100,0.5,17,"real",9
"2060",400,0.5,17,"real",9
"2061",200,0.5,17,"real",8
"2062",0,1,4,"unreal",8
"2063",300,0.5,17,"real",7
"2064",0,0.5,17,"real",8
"2065",0,1,17,"real",8
"2066",400,0,4,"unreal",7
"2067",400,0,17,"real",7
"2068",0,0.5,4,"unreal",8
"2069",300,0,17,"real",8
"2070",400,1,4,"unreal",6
"2071",400,0.5,17,"real",8
"2072",300,0,4,"unreal",8
"2073",400,0,4,"unreal",6
"2074",0,0.5,4,"unreal",7
"2075",100,1,17,"real",8
"2076",200,1,17,"real",7
"2077",400,1,4,"unreal",6
"2078",400,0,17,"real",6
"2079",100,1,4,"unreal",7
"2080",100,0.5,17,"real",8
"2081",200,1,4,"unreal",7
"2082",200,0.5,17,"real",8
"2083",0,0.5,17,"real",9
"2084",300,0,17,"real",8
"2085",100,0,17,"real",9
"2086",100,0,4,"unreal",8
"2087",200,0,17,"real",7
"2088",300,0.5,4,"unreal",7
"2089",0,0,17,"real",9
"2090",0,1,17,"real",9
"2091",300,1,4,"unreal",8
"2092",300,1,17,"real",8
"2093",300,0.5,17,"real",7
"2094",100,0.5,4,"unreal",8
"2095",400,1,17,"real",6
"2096",200,0,4,"unreal",8
"2097",200,0.5,4,"unreal",7
"2098",0,1,4,"unreal",8
"2099",0,0,4,"unreal",8
"2100",400,0.5,4,"unreal",8
"2101",0,0.5,4,"unreal",8
"2102",0,0,4,"unreal",8
"2103",300,0,4,"unreal",8
"2104",200,0.5,4,"unreal",7
"2105",0,1,17,"real",9
"2106",300,0.5,4,"unreal",8
"2107",400,0.5,4,"unreal",8
"2108",0,0,17,"real",9
"2109",200,0,17,"real",9
"2110",200,0,4,"unreal",8
"2111",0,0.5,17,"real",9
"2112",0,1,4,"unreal",8
"2113",300,1,4,"unreal",7
"2114",400,0.5,17,"real",8
"2115",200,0.5,17,"real",8
"2116",100,1,4,"unreal",8
"2117",200,1,4,"unreal",7
"2118",400,0,4,"unreal",7
"2119",400,1,4,"unreal",8
"2120",100,0,4,"unreal",8
"2121",300,0,17,"real",8
"2122",300,1,17,"real",8
"2123",400,0,17,"real",7
"2124",200,1,17,"real",7
"2125",100,0.5,4,"unreal",8
"2126",100,1,17,"real",8
"2127",300,0.5,17,"real",8
"2128",100,0,17,"real",9
"2129",400,1,17,"real",7
"2130",100,0.5,17,"real",9
"2131",200,0.5,4,"unreal",8
"2132",0,0.5,4,"unreal",8
"2133",0,1,4,"unreal",8
"2134",100,0.5,4,"unreal",8
"2135",0,0,4,"unreal",8
"2136",100,1,17,"real",8
"2137",400,0,17,"real",8
"2138",200,0,17,"real",9
"2139",300,0.5,17,"real",8
"2140",100,0.5,17,"real",9
"2141",100,0,4,"unreal",8
"2142",100,0,17,"real",9
"2143",200,0,4,"unreal",8
"2144",100,1,4,"unreal",8
"2145",200,1,4,"unreal",8
"2146",0,1,17,"real",9
"2147",400,1,4,"unreal",7
"2148",400,0,4,"unreal",7
"2149",300,0.5,4,"unreal",7
"2150",400,0.5,4,"unreal",8
"2151",200,1,17,"real",8
"2152",300,1,17,"real",8
"2153",400,0.5,17,"real",8
"2154",400,1,17,"real",7
"2155",0,0,17,"real",9
"2156",200,0.5,17,"real",8
"2157",0,0.5,17,"real",9
"2158",300,1,4,"unreal",7
"2159",300,0,4,"unreal",7
"2160",300,0,17,"real",8
"2161",0,1,4,"unreal",6
"2162",200,0.5,4,"unreal",1
"2163",400,0,17,"real",1
"2164",300,1,4,"unreal",1
"2165",0,0,4,"unreal",4
"2166",400,0.5,4,"unreal",1
"2167",200,0.5,17,"real",1
"2168",200,1,17,"real",1
"2169",0,0.5,17,"real",8
"2170",300,0,17,"real",1
"2171",300,0,4,"unreal",1
"2172",200,1,4,"unreal",1
"2173",100,1,17,"real",1
"2174",100,0,17,"real",1
"2175",100,1,4,"unreal",1
"2176",300,1,17,"real",1
"2177",300,0.5,4,"unreal",1
"2178",0,1,17,"real",8
"2179",0,0,17,"real",9
"2180",100,0.5,17,"real",1
"2181",400,1,17,"real",1
"2182",200,0,17,"real",1
"2183",400,0,4,"unreal",1
"2184",0,0.5,4,"unreal",4
"2185",300,0.5,17,"real",1
"2186",400,1,4,"unreal",1
"2187",400,0.5,17,"real",1
"2188",100,0,4,"unreal",1
"2189",100,0.5,4,"unreal",2
"2190",200,0,4,"unreal",1
"2191",200,1,17,"real",1
"2192",0,1,17,"real",9
"2193",400,0.5,4,"unreal",1
"2194",200,0.5,17,"real",1
"2195",300,0,17,"real",1
"2196",400,0,17,"real",1
"2197",100,0,4,"unreal",1
"2198",400,0.5,17,"real",1
"2199",100,1,4,"unreal",1
"2200",400,1,4,"unreal",1
"2201",200,0,17,"real",1
"2202",100,0.5,4,"unreal",1
"2203",300,0.5,4,"unreal",1
"2204",0,1,4,"unreal",5
"2205",0,0,17,"real",9
"2206",200,1,4,"unreal",1
"2207",300,0.5,17,"real",1
"2208",0,0,4,"unreal",4
"2209",200,0,4,"unreal",1
"2210",300,0,4,"unreal",1
"2211",300,1,17,"real",1
"2212",400,0,4,"unreal",1
"2213",300,1,4,"unreal",1
"2214",0,0.5,17,"real",8
"2215",100,1,17,"real",2
"2216",0,0.5,4,"unreal",4
"2217",400,1,17,"real",1
"2218",100,0,17,"real",1
"2219",100,0.5,17,"real",2
"2220",200,0.5,4,"unreal",1
"2221",200,0.5,17,"real",1
"2222",400,0.5,17,"real",1
"2223",0,1,4,"unreal",5
"2224",300,0.5,4,"unreal",1
"2225",400,1,17,"real",1
"2226",100,0.5,4,"unreal",1
"2227",400,0.5,4,"unreal",1
"2228",100,1,4,"unreal",1
"2229",400,0,4,"unreal",1
"2230",400,0,17,"real",1
"2231",300,1,4,"unreal",1
"2232",100,1,17,"real",1
"2233",300,0,17,"real",1
"2234",400,1,4,"unreal",1
"2235",200,0,4,"unreal",1
"2236",100,0,17,"real",1
"2237",100,0.5,17,"real",1
"2238",0,1,17,"real",9
"2239",200,0,17,"real",1
"2240",0,0.5,17,"real",9
"2241",0,0,4,"unreal",5
"2242",100,0,4,"unreal",1
"2243",300,0,4,"unreal",1
"2244",200,1,4,"unreal",1
"2245",200,0.5,4,"unreal",1
"2246",0,0.5,4,"unreal",6
"2247",200,1,17,"real",1
"2248",300,0.5,17,"real",1
"2249",0,0,17,"real",6
"2250",300,1,17,"real",1
"2251",0,1,4,"unreal",5
"2252",400,1,4,"unreal",1
"2253",400,0.5,4,"unreal",1
"2254",0,0.5,4,"unreal",4
"2255",200,0.5,4,"unreal",1
"2256",0,0.5,17,"real",8
"2257",300,0.5,17,"real",1
"2258",400,1,17,"real",1
"2259",200,1,4,"unreal",1
"2260",200,1,17,"real",1
"2261",400,0,17,"real",1
"2262",200,0,17,"real",1
"2263",0,0,17,"real",8
"2264",400,0.5,17,"real",1
"2265",100,0,17,"real",1
"2266",300,1,4,"unreal",1
"2267",100,1,4,"unreal",1
"2268",300,0,4,"unreal",1
"2269",100,0.5,17,"real",1
"2270",100,0.5,4,"unreal",1
"2271",300,0,17,"real",1
"2272",0,1,17,"real",8
"2273",400,0,4,"unreal",1
"2274",100,0,4,"unreal",1
"2275",0,0,4,"unreal",5
"2276",200,0.5,17,"real",1
"2277",100,1,17,"real",1
"2278",300,0.5,4,"unreal",1
"2279",200,0,4,"unreal",1
"2280",300,1,17,"real",1
"2281",0,0.5,17,"real",8
"2282",200,1,17,"real",7
"2283",100,0.5,4,"unreal",8
"2284",100,1,4,"unreal",8
"2285",400,0,4,"unreal",4
"2286",100,0,4,"unreal",6
"2287",300,0.5,17,"real",8
"2288",0,0,17,"real",8
"2289",300,0.5,4,"unreal",8
"2290",400,0.5,17,"real",5
"2291",200,0,4,"unreal",8
"2292",200,0.5,17,"real",6
"2293",0,0,4,"unreal",4
"2294",300,0,17,"real",7
"2295",400,1,4,"unreal",3
"2296",200,1,4,"unreal",5
"2297",400,1,17,"real",3
"2298",300,0,4,"unreal",4
"2299",300,1,17,"real",8
"2300",400,0,17,"real",8
"2301",300,1,4,"unreal",5
"2302",200,0,17,"real",7
"2303",0,0.5,4,"unreal",4
"2304",400,0.5,4,"unreal",2
"2305",100,1,17,"real",8
"2306",200,0.5,4,"unreal",5
"2307",0,1,17,"real",8
"2308",0,1,4,"unreal",5
"2309",100,0.5,17,"real",9
"2310",100,0,17,"real",9
"2311",0,0,4,"unreal",5
"2312",200,0.5,17,"real",8
"2313",200,0,4,"unreal",7
"2314",100,0,4,"unreal",8
"2315",400,0.5,17,"real",9
"2316",300,1,17,"real",9
"2317",300,0.5,4,"unreal",6
"2318",400,0,4,"unreal",7
"2319",100,0,17,"real",9
"2320",400,1,4,"unreal",1
"2321",200,1,4,"unreal",3
"2322",0,1,17,"real",4
"2323",100,0.5,4,"unreal",4
"2324",400,0.5,4,"unreal",4
"2325",0,0.5,17,"real",8
"2326",200,0,17,"real",5
"2327",400,0,17,"real",8
"2328",300,0.5,17,"real",2
"2329",100,1,4,"unreal",8
"2330",300,0,4,"unreal",8
"2331",200,0.5,4,"unreal",6
"2332",0,1,4,"unreal",8
"2333",300,1,4,"unreal",9
"2334",200,1,17,"real",8
"2335",0,0.5,4,"unreal",9
"2336",0,0,17,"real",8
"2337",400,1,17,"real",8
"2338",100,0.5,17,"real",9
"2339",100,1,17,"real",9
"2340",300,0,17,"real",9
"2341",400,0.5,4,"unreal",4
"2342",200,0.5,4,"unreal",4
"2343",100,0.5,4,"unreal",5
"2344",0,1,4,"unreal",7
"2345",0,0,17,"real",8
"2346",100,1,4,"unreal",9
"2347",100,1,17,"real",8
"2348",300,0.5,17,"real",9
"2349",400,0.5,17,"real",3
"2350",0,0.5,4,"unreal",8
"2351",100,0.5,17,"real",9
"2352",300,0,17,"real",9
"2353",200,1,4,"unreal",8
"2354",100,0,17,"real",9
"2355",200,1,17,"real",9
"2356",400,1,17,"real",8
"2357",200,0,4,"unreal",8
"2358",0,0,4,"unreal",9
"2359",200,0.5,17,"real",8
"2360",200,0,17,"real",9
"2361",300,0.5,4,"unreal",8
"2362",400,1,4,"unreal",8
"2363",100,0,4,"unreal",8
"2364",400,0,4,"unreal",7
"2365",300,1,17,"real",8
"2366",0,0.5,17,"real",9
"2367",300,0,4,"unreal",8
"2368",400,0,17,"real",8
"2369",0,1,17,"real",7
"2370",300,1,4,"unreal",3
"2371",300,0.5,4,"unreal",5
"2372",100,0,17,"real",9
"2373",100,0,4,"unreal",7
"2374",0,0,4,"unreal",7
"2375",100,0.5,4,"unreal",6
"2376",300,0.5,17,"real",9
"2377",200,1,4,"unreal",1
"2378",100,1,17,"real",9
"2379",400,1,4,"unreal",1
"2380",0,1,4,"unreal",4
"2381",400,0,4,"unreal",8
"2382",0,1,17,"real",9
"2383",100,1,4,"unreal",7
"2384",0,0.5,4,"unreal",8
"2385",100,0.5,17,"real",9
"2386",200,1,17,"real",9
"2387",200,0.5,4,"unreal",7
"2388",200,0,17,"real",6
"2389",0,0,17,"real",8
"2390",300,0,4,"unreal",8
"2391",400,1,17,"real",8
"2392",300,1,4,"unreal",8
"2393",300,0,17,"real",8
"2394",400,0.5,17,"real",4
"2395",200,0.5,17,"real",8
"2396",200,0,4,"unreal",8
"2397",400,0.5,4,"unreal",6
"2398",300,1,17,"real",8
"2399",400,0,17,"real",8
"2400",0,0.5,17,"real",9
"2401",0,0,4,"unreal",8
"2402",300,0,17,"real",2
"2403",300,1,17,"real",1
"2404",400,0.5,4,"unreal",2
"2405",100,0.5,4,"unreal",7
"2406",100,0,4,"unreal",6
"2407",300,1,4,"unreal",4
"2408",200,0.5,4,"unreal",2
"2409",200,0,17,"real",2
"2410",200,1,4,"unreal",3
"2411",400,0,17,"real",1
"2412",0,0.5,17,"real",7
"2413",0,1,17,"real",7
"2414",300,0,4,"unreal",2
"2415",100,1,17,"real",3
"2416",100,0,17,"real",2
"2417",400,1,4,"unreal",1
"2418",300,0.5,4,"unreal",1
"2419",400,0.5,17,"real",1
"2420",0,0.5,4,"unreal",7
"2421",0,1,4,"unreal",7
"2422",0,0,17,"real",8
"2423",100,1,4,"unreal",4
"2424",400,0,4,"unreal",2
"2425",200,0.5,17,"real",2
"2426",200,0,4,"unreal",1
"2427",400,1,17,"real",1
"2428",200,1,17,"real",2
"2429",300,0.5,17,"real",1
"2430",100,0.5,17,"real",7
"2431",300,0,4,"unreal",1
"2432",200,1,4,"unreal",1
"2433",0,0.5,4,"unreal",7
"2434",200,1,17,"real",8
"2435",0,1,4,"unreal",2
"2436",0,0,4,"unreal",7
"2437",0,0,17,"real",8
"2438",400,1,4,"unreal",1
"2439",100,1,4,"unreal",1
"2440",0,0.5,17,"real",7
"2441",100,0.5,4,"unreal",1
"2442",200,0,17,"real",2
"2443",400,0.5,4,"unreal",1
"2444",100,1,17,"real",7
"2445",400,0.5,17,"real",7
"2446",100,0,17,"real",8
"2447",400,0,4,"unreal",1
"2448",300,1,17,"real",2
"2449",300,0,17,"real",1
"2450",200,0,4,"unreal",2
"2451",100,0.5,17,"real",1
"2452",400,1,17,"real",1
"2453",100,0,4,"unreal",1
"2454",300,0.5,4,"unreal",1
"2455",300,1,4,"unreal",2
"2456",200,0.5,17,"real",6
"2457",400,0,17,"real",3
"2458",200,0.5,4,"unreal",2
"2459",0,1,17,"real",7
"2460",300,0.5,17,"real",7
"2461",200,1,17,"real",2
"2462",0,0.5,4,"unreal",8
"2463",400,0.5,4,"unreal",2
"2464",100,0,4,"unreal",7
"2465",300,0.5,17,"real",6
"2466",0,0,4,"unreal",9
"2467",400,0.5,17,"real",5
"2468",200,1,4,"unreal",2
"2469",100,1,17,"real",7
"2470",200,0.5,17,"real",7
"2471",400,0,4,"unreal",2
"2472",300,1,17,"real",3
"2473",300,1,4,"unreal",1
"2474",0,0.5,17,"real",6
"2475",400,1,4,"unreal",2
"2476",200,0,17,"real",2
"2477",0,1,4,"unreal",8
"2478",0,0,17,"real",9
"2479",400,1,17,"real",2
"2480",300,0,17,"real",2
"2481",100,0,17,"real",6
"2482",100,0.5,17,"real",6
"2483",200,0,4,"unreal",1
"2484",0,1,17,"real",7
"2485",400,0,17,"real",2
"2486",100,1,4,"unreal",6
"2487",200,0.5,4,"unreal",2
"2488",100,0.5,4,"unreal",1
"2489",300,0.5,4,"unreal",1
"2490",300,0,4,"unreal",1
"2491",200,0,17,"real",2
"2492",200,0,4,"unreal",2
"2493",400,1,17,"real",2
"2494",100,0.5,17,"real",8
"2495",300,1,4,"unreal",2
"2496",300,0.5,4,"unreal",2
"2497",0,0.5,4,"unreal",9
"2498",300,0,4,"unreal",2
"2499",100,0.5,4,"unreal",8
"2500",100,0,4,"unreal",7
"2501",400,0.5,17,"real",4
"2502",100,1,17,"real",4
"2503",400,0,4,"unreal",2
"2504",200,0.5,4,"unreal",1
"2505",400,0.5,4,"unreal",1
"2506",200,1,17,"real",2
"2507",0,1,17,"real",7
"2508",0,0,4,"unreal",8
"2509",300,0,17,"real",6
"2510",300,1,17,"real",1
"2511",300,0.5,17,"real",2
"2512",200,0.5,17,"real",2
"2513",100,0,17,"real",5
"2514",400,0,17,"real",1
"2515",400,1,4,"unreal",1
"2516",0,1,4,"unreal",8
"2517",100,1,4,"unreal",1
"2518",0,0.5,17,"real",9
"2519",0,0,17,"real",9
"2520",200,1,4,"unreal",2
"2521",200,1,4,"unreal",1
"2522",200,0,17,"real",6
"2523",300,0.5,4,"unreal",1
"2524",0,0.5,17,"real",9
"2525",200,0,4,"unreal",1
"2526",100,0,17,"real",2
"2527",100,1,4,"unreal",1
"2528",400,0.5,4,"unreal",1
"2529",300,0.5,17,"real",1
"2530",0,0,4,"unreal",2
"2531",300,0,17,"real",1
"2532",400,1,17,"real",1
"2533",400,1,4,"unreal",1
"2534",300,1,17,"real",1
"2535",100,0,4,"unreal",1
"2536",0,1,17,"real",8
"2537",100,0.5,4,"unreal",1
"2538",200,0.5,17,"real",1
"2539",400,0,17,"real",1
"2540",200,1,17,"real",1
"2541",400,0.5,17,"real",1
"2542",0,1,4,"unreal",1
"2543",0,0,17,"real",9
"2544",100,1,17,"real",1
"2545",200,0.5,4,"unreal",1
"2546",300,0,4,"unreal",1
"2547",400,0,4,"unreal",1
"2548",100,0.5,17,"real",6
"2549",300,1,4,"unreal",1
"2550",0,0.5,4,"unreal",1
"2551",400,0.5,17,"real",1
"2552",200,0,4,"unreal",1
"2553",400,0,4,"unreal",1
"2554",300,0,17,"real",1
"2555",200,1,17,"real",1
"2556",100,0,17,"real",1
"2557",300,0.5,17,"real",1
"2558",100,0,4,"unreal",1
"2559",0,1,17,"real",7
"2560",400,1,17,"real",1
"2561",300,1,17,"real",1
"2562",100,1,4,"unreal",1
"2563",0,0,4,"unreal",1
"2564",100,0.5,17,"real",9
"2565",400,0,17,"real",1
"2566",200,1,4,"unreal",1
"2567",0,0,17,"real",9
"2568",0,1,4,"unreal",1
"2569",300,0,4,"unreal",1
"2570",400,0.5,4,"unreal",1
"2571",0,0.5,4,"unreal",1
"2572",300,1,4,"unreal",1
"2573",400,1,4,"unreal",1
"2574",200,0,17,"real",2
"2575",100,0.5,4,"unreal",1
"2576",0,0.5,17,"real",9
"2577",300,0.5,4,"unreal",1
"2578",200,0.5,4,"unreal",1
"2579",100,1,17,"real",7
"2580",200,0.5,17,"real",1
"2581",400,0.5,17,"real",1
"2582",200,0,17,"real",1
"2583",400,1,17,"real",1
"2584",400,0.5,4,"unreal",1
"2585",200,0,4,"unreal",1
"2586",100,0.5,17,"real",7
"2587",0,0,17,"real",9
"2588",100,1,17,"real",8
"2589",100,0.5,4,"unreal",1
"2590",100,0,17,"real",7
"2591",200,0.5,4,"unreal",1
"2592",300,1,17,"real",1
"2593",400,0,17,"real",1
"2594",300,1,4,"unreal",1
"2595",100,1,4,"unreal",1
"2596",200,1,17,"real",1
"2597",0,0.5,17,"real",9
"2598",400,0,4,"unreal",1
"2599",0,1,17,"real",9
"2600",100,0,4,"unreal",1
"2601",300,0.5,4,"unreal",1
"2602",400,1,4,"unreal",1
"2603",300,0,17,"real",1
"2604",200,0.5,17,"real",1
"2605",0,0,4,"unreal",1
"2606",0,0.5,4,"unreal",1
"2607",200,1,4,"unreal",1
"2608",300,0,4,"unreal",1
"2609",0,1,4,"unreal",1
"2610",300,0.5,17,"real",1
"2611",200,0.5,17,"real",1
"2612",400,0,17,"real",1
"2613",100,0,17,"real",6
"2614",200,0.5,4,"unreal",1
"2615",300,0.5,17,"real",1
"2616",300,1,4,"unreal",1
"2617",200,0,17,"real",1
"2618",200,1,17,"real",1
"2619",100,0,4,"unreal",1
"2620",400,1,17,"real",1
"2621",300,1,17,"real",1
"2622",0,0,17,"real",8
"2623",400,1,4,"unreal",1
"2624",100,1,17,"real",1
"2625",400,0.5,17,"real",1
"2626",300,0.5,4,"unreal",1
"2627",300,0,17,"real",1
"2628",200,1,4,"unreal",1
"2629",100,0.5,17,"real",2
"2630",200,0,4,"unreal",1
"2631",0,1,4,"unreal",1
"2632",0,1,17,"real",9
"2633",400,0.5,4,"unreal",1
"2634",100,1,4,"unreal",1
"2635",0,0.5,4,"unreal",1
"2636",300,0,4,"unreal",1
"2637",100,0.5,4,"unreal",1
"2638",0,0.5,17,"real",8
"2639",0,0,4,"unreal",1
"2640",400,0,4,"unreal",1
